{
    "Nome": "Centro Universitário Belas Artes de São Paulo",
    "AreaAtuacao": "Educação em Artes Visuais, Design, Moda, Arquitetura e Tecnologia",
    "Descricao": "O Centro Universitário Belas Artes de São Paulo é uma instituição de ensino superior privada, fundada em 1925, com sede em São Paulo, Brasil. Reconhecida pela qualidade de seus cursos e sua tradição no campo das artes, oferece uma ampla variedade de cursos de graduação, pós-graduação e extensão, proporcionando uma formação sólida e alinhada às demandas do mercado.",
    "ContatoEmail": "atendimento@belasartes.br",
    "ContatoTelefone": "",
    "ContatoSite": "www.belasartes.br",
    "RedesSociais": "@belasartesoficial (Instagram, Facebook, Twitter)",
    "Missao": "Promover o desenvolvimento humano e cultural por meio da educação em artes e design, preparando profissionais éticos, criativos e inovadores para atuar no mercado global.",
    "Visao": "Ser reconhecida como uma instituição de referência nacional e internacional em educação nas áreas de artes visuais, design, moda, arquitetura e tecnologia, contribuindo para o enriquecimento cultural e social da sociedade.",
    "Valores": "Criatividade, excelência acadêmica, ética, responsabilidade social e compromisso com a inovação e a sustentabilidade.",
    "FormasIngresso": "Vestibular tradicional, uso da nota do Enem, transferência externa e segunda graduação, além de processo seletivo específico para cursos de pós-graduação.",
    "ProcessoSeletivoData": "04/05/2024",
    "Endereco": "Rua Dr. Álvaro Alvim, 90",
    "Cidade": "São Paulo",
    "Estado": "SP",
    "Diferenciais": "Reconhecimento nacional e internacional, corpo docente altamente qualificado, infraestrutura moderna e especializada, parcerias com empresas e instituições renomadas, projetos de pesquisa e extensão, intercâmbio internacional, programas de bolsas de estudo e atividades culturais e artísticas.",
    "CursosOferecidos": [
        "Artes Visuais",
        "Design de Moda",
        "Design Gráfico",
        "Design de Produto",
        "Design Digital",
        "Arquitetura e Urbanismo",
        "Cinema",
        "Fotografia",
        "Jornalismo",
        "Publicidade e Propaganda",
        "Relações Internacionais",
        "Produção Multimídia"
    ],
    "ProcessoSeletivoDetalhes": "Informações disponíveis no site da instituição"
}