{
    "Nome": "Faculdade Israelita de Ciências da Saúde Albert Einstein",
    "AreaAtuacao": "Educação em Ciências da Saúde",
    "Descricao": "A Faculdade Israelita de Ciências da Saúde Albert Einstein é uma instituição de ensino localizada em São Paulo, Brasil, que tem como missão formar profissionais altamente qualificados e comprometidos com a excelência na área da saúde. Com um corpo docente renomado, estrutura moderna e parcerias com instituições de saúde de excelência, a faculdade oferece oportunidades de estágio e pesquisa, além de programas de intercâmbio internacional. Seus cursos incluem Administração, Nutrição, Odontologia, Engenharia Biomédica, Enfermagem e Fisioterapia.",
    "ContatoEmail": "contato@einstein.br",
    "ContatoTelefone": "+55 11 2151-1111",
    "ContatoSite": "https://ensino.einstein.br/",
    "RedesSociais": "@einsteinedu (Instagram, Facebook, Twitter)",
    "Missao": "Formar profissionais altamente qualificados e comprometidos com a excelência na área da saúde, promovendo o desenvolvimento científico, ético e humanizado.",
    "Visao": "Ser reconhecida nacional e internacionalmente como uma das principais instituições de ensino em ciências da saúde, destacando-se pela qualidade acadêmica e pela contribuição significativa para a sociedade.",
    "Valores": "Excelência acadêmica, Ética, Inovação, Compromisso com a comunidade, Responsabilidade Social.",
    "FormasIngresso": "Processo seletivo próprio da instituição",
    "ProcessoSeletivoData": "Aberto",
    "Endereco": "Av. Padre Lebret - Morumbi",
    "Cidade": "São Paulo",
    "Estado": "SP",
    "Diferenciais": "Corpo docente renomado, estrutura moderna, parcerias com instituições de saúde de excelência, oportunidades de estágio e pesquisa, programas de intercâmbio internacional.",
    "CursosOferecidos": [
        "Administração",
        "Nutrição",
        "Odontologia",
        "Engenharia Biomédica",
        "Enfermagem",
        "Fisioterapia"
    ],
    "ProcessoSeletivoDetalhes": "O processo seletivo da Faculdade Israelita de Ciências da Saúde Albert Einstein está aberto para inscrições."
}