{
    "Nome": "ESPM - Escola Superior de Propaganda e Marketing",
    "AreaAtuacao": "Educação em Comunicação, Marketing e Gestão",
    "Descricao": "A ESPM é uma instituição de ensino superior privada especializada nas áreas de Comunicação, Marketing e Gestão, fundada em 1951, com sede em São Paulo, Brasil. Reconhecida nacional e internacionalmente, oferece cursos de graduação, pós-graduação, MBAs e cursos de extensão, proporcionando uma formação de excelência e alinhada às demandas do mercado.",
    "ContatoEmail": "relacionamentosp@espm.br",
    "ContatoTelefone": "Não informado",
    "ContatoSite": "www.espm.br",
    "RedesSociais": "@espmoficial (Instagram, Facebook, Twitter)",
    "Missao": "Desenvolver profissionais e líderes com conhecimento técnico, habilidades práticas e visão estratégica, capazes de contribuir para o progresso da sociedade e das organizações.",
    "Visao": "Ser referência nacional e internacional em educação nas áreas de Comunicação, Marketing e Gestão, promovendo a inovação, a ética e a sustentabilidade.",
    "Valores": "Ética, excelência acadêmica, inovação, compromisso com a sociedade e respeito à diversidade.",
    "FormasIngresso": "Vestibular tradicional, uso da nota do Enem, transferência externa, segunda graduação e processo seletivo específico para cursos de pós-graduação e MBAs.",
    "ProcessoSeletivoData": "Inscrições até 11/06/2024. Mais informações disponíveis no site da instituição.",
    "Endereco": "Rua Dr. Álvaro Alvim, 123",
    "Cidade": "São Paulo",
    "Estado": "SP",
    "Diferenciais": "Reconhecimento nacional e internacional, corpo docente altamente qualificado, infraestrutura moderna, parcerias com empresas e instituições renomadas, projetos de pesquisa e extensão, intercâmbio internacional, programas de bolsas de estudo e atividades extracurriculares enriquecedoras.",
    "CursosOferecidos": [
        "Publicidade e Propaganda",
        "Jornalismo",
        "Design",
        "Administração",
        "Ciências Sociais e do Consumo",
        "Marketing",
        "Relações Internacionais",
        "Cinema",
        "Audiovisual",
        "Entre outros"
    ],
    "ProcessoSeletivoDetalhes": "O processo seletivo da ESPM inclui diversas formas de ingresso e está com inscrições abertas até 11/06/2024. Para mais detalhes e datas importantes, acesse o site da instituição."
}