{
    "Nome": "Fundação Armando Alvares Penteado (FAAP)",
    "AreaAtuacao": "Educação em Artes, Comunicação, Administração, Direito, Economia, Engenharia e Tecnologia da Informação",
    "Descricao": "A Fundação Armando Alvares Penteado (FAAP) é uma instituição de ensino superior privada, fundada em 1947, com sede em São Paulo, Brasil. Reconhecida pela excelência acadêmica e tradição no ensino, oferece uma ampla variedade de cursos de graduação, pós-graduação, MBAs e cursos de extensão, preparando profissionais para atuar em diversas áreas do conhecimento.",
    "ContatoEmail": "faap@faap.br",
    "ContatoTelefone": null,
    "ContatoSite": "www.faap.br",
    "RedesSociais": "@faapoficial (Instagram, Facebook, Twitter)",
    "Missao": "Promover a formação integral do indivíduo, por meio de uma educação de excelência, ética e inovadora, contribuindo para o desenvolvimento pessoal e profissional dos alunos e para o progresso da sociedade.",
    "Visao": "Ser reconhecida nacional e internacionalmente como uma instituição de referência em educação superior, destacando-se pela qualidade de seus cursos, pesquisa e extensão, e pelo compromisso com a inovação e a sustentabilidade.",
    "Valores": "Excelência acadêmica, ética, responsabilidade social, inovação, diversidade e compromisso com a qualidade e relevância dos serviços prestados.",
    "FormasIngresso": "Vestibular tradicional, uso da nota do Enem, transferência externa, segunda graduação, processo seletivo específico para cursos de pós-graduação e MBAs",
    "ProcessoSeletivoData": "-",
    "Endereco": "Rua Alagoas, 903 - Higienópolis",
    "Cidade": "São Paulo",
    "Estado": "SP",
    "Diferenciais": "Reconhecimento nacional e internacional, corpo docente qualificado, infraestrutura moderna, parcerias renomadas, projetos de pesquisa e extensão, intercâmbio internacional, programas de bolsas de estudo, atividades extracurriculares",
    "CursosOferecidos": {
        "Graduação": [
            "Comunicação Social",
            "Design",
            "Administração",
            "Direito",
            "Economia",
            "Arquitetura e Urbanismo",
            "Engenharia",
            "Ciência da Computação",
            "Cinema",
            "Fotografia",
            "Artes Plásticas",
            "Moda",
            "Música",
            "Animação"
        ],
        "Pós-graduação": [
            "Mestrados",
            "Doutorados",
            "MBAs",
            "Especializações"
        ],
        "Cursos de Extensão": [
            "Arte",
            "Comunicação",
            "Gestão",
            "Tecnologia"
        ]
    },
    "ProcessoSeletivoDetalhes": "Processo seletivo aberto, sem datas específicas informadas"
}