{
    "Nome": "Faculdade Cásper Líbero (Cásper Líbero)",
    "AreaAtuacao": "Comunicação e Humanidades",
    "Descricao": "Fundada em 1947, a Faculdade Cásper Líbero é uma instituição de ensino superior privada reconhecida por sua excelência acadêmica e tradição no campo da comunicação e humanidades. Localizada em São Paulo, oferece uma ampla variedade de cursos de graduação, pós-graduação, extensão e pesquisa nas áreas de jornalismo, publicidade, rádio, televisão, cinema, relações públicas, entre outros. Reconhecida por sua infraestrutura moderna, corpo docente qualificado e parcerias com empresas líderes do setor.",
    "ContatoEmail": "contato@casperlibero.edu.br",
    "ContatoTelefone": "Não informado",
    "ContatoSite": "https://www.casperlibero.edu.br",
    "RedesSociais": "@casperlibero (Instagram, Facebook, Twitter)",
    "Missao": "Oferecer uma educação de qualidade centrada na ética, responsabilidade social e inovação, preparando profissionais capazes de compreender e transformar a sociedade por meio da comunicação.",
    "Visao": "Ser reconhecida como uma das principais instituições de ensino em comunicação e humanidades, formando profissionais criativos, éticos e comprometidos com a construção de um mundo mais justo e democrático.",
    "Valores": [
        "Ética e Integridade",
        "Excelência Acadêmica",
        "Inovação e Criatividade",
        "Diversidade e Inclusão",
        "Comprometimento com a Sociedade"
    ],
    "FormasIngresso": "Vestibular tradicional, uso da nota do Enem, transferência externa e segunda graduação.",
    "ProcessoSeletivoData": "Inscrições: 02/04/204",
    "Endereco": "Av. Paulista, 900 - Bela Vista",
    "Cidade": "São Paulo",
    "Estado": "SP",
    "Diferenciais": [
        "Estúdios de produção audiovisual e rádio",
        "Laboratórios de informática e design",
        "Parcerias com empresas de comunicação e agências de publicidade",
        "Agência Experimental de Comunicação",
        "Intercâmbio nacional e internacional",
        "Programas de bolsas de estudo e atividades extracurriculares."
    ],
    "CursosOferecidos": {
        "Graduacao": [
            "Jornalismo",
            "Publicidade e Propaganda",
            "Rádio, TV e Internet",
            "Relações Públicas",
            "Cinema",
            "Design",
            "Entre outros"
        ],
        "PosGraduacao": [
            "Especializações, mestrados e doutorados em diversas áreas da comunicação e humanidades."
        ],
        "CursosExtensao": [
            "Workshops, cursos livres e de aperfeiçoamento profissional em comunicação e áreas relacionadas."
        ]
    },
    "ProcessoSeletivoDetalhes": "O processo seletivo da Faculdade Cásper Líbero é aberto e as datas estão disponíveis no site da instituição."
}