{
    "Nome": "Faculdade de Tecnologia do Estado de São Paulo (FATEC)",
    "AreaAtuacao": "Educação em Tecnologia e áreas correlatas",
    "Descricao": "A FATEC é uma instituição pública de ensino superior localizada em São Paulo, Brasil, voltada para cursos de graduação tecnológica. Possui corpo docente qualificado, laboratórios modernos, parcerias com empresas e estágios práticos.",
    "ContatoEmail": "fatec@fatec.br",
    "ContatoTelefone": "Não informado",
    "ContatoSite": "www.fatec.br",
    "RedesSociais": "@fatec_oficial (Instagram, Facebook, Twitter)",
    "Missao": "Proporcionar educação tecnológica de excelência.",
    "Visao": "Ser referência nacional em educação tecnológica.",
    "Valores": "Excelência acadêmica, ética, inovação, responsabilidade social.",
    "FormasIngresso": "Vestibular específico da FATEC, ENEM, transferência externa e reingresso",
    "ProcessoSeletivoData": "Aberto anualmente, de 16/04 a 07/06",
    "Endereco": "Diversas unidades em São Paulo",
    "Cidade": "São Paulo",
    "Estado": "São Paulo",
    "Diferenciais": "Corpo docente qualificado, laboratórios modernos, parcerias com empresas, estágios práticos",
    "CursosOferecidos": [
        "Análise e Desenvolvimento de Sistemas",
        "Automação Industrial",
        "Gestão da Tecnologia da Informação",
        "Jogos Digitais",
        "Logística",
        "Redes de Computadores",
        "Sistemas Biomédicos",
        "Sistemas para Internet",
        "Gestão Empresarial",
        "Processos Metalúrgicos",
        "Fabricação Mecânica",
        "Manutenção de Aeronaves",
        "Gestão Ambiental",
        "Logística Aeroportuária",
        "Polímeros",
        "Produção Têxtil",
        "Mecatrônica Industrial",
        "Design Gráfico",
        "Fotografia",
        "Produção Cultural",
        "Eventos",
        "Secretariado",
        "Comércio Exterior",
        "Gestão Comercial",
        "Gestão Empresarial",
        "Gestão Financeira"
    ],
    "ProcessoSeletivoDetalhes": "O processo seletivo da FATEC ocorre anualmente, com inscrições abertas de 16/04 a 07/06. Os candidatos podem ingressar através do vestibular específico da instituição, ENEM, transferência externa ou reingresso."
}