{
    "Nome": "Fundação Escola de Comércio Álvares Penteado (FECAP)",
    "AreaAtuacao": "Educação em áreas de negócios, economia, contabilidade, administração e tecnologia",
    "Descricao": "A Fundação Escola de Comércio Álvares Penteado (FECAP) é uma instituição privada de ensino superior com mais de 115 anos de história, focada no ensino e pesquisa em áreas ligadas à gestão empresarial e economia. Seu objetivo é formar profissionais éticos e competentes para atuar no mercado de trabalho.",
    "ContatoEmail": "contato@fecap.br",
    "ContatoTelefone": "Não informado",
    "ContatoSite": "www.fecap.br",
    "RedesSociais": "@fecap (Instagram, Facebook, Twitter)",
    "Missao": "Promover a formação integral de profissionais éticos e competentes para atuar no mercado de trabalho.",
    "Visao": "Ser reconhecida como uma instituição de excelência em educação e pesquisa nas áreas de negócios, economia e contabilidade.",
    "Valores": "Excelência acadêmica, ética, responsabilidade social, inovação e compromisso com a qualidade educacional.",
    "FormasIngresso": "Vestibular tradicional, uso da nota do Enem, transferência externa e segunda graduação.",
    "ProcessoSeletivoData": "Em breve",
    "Endereco": "Rua do Sacramento, 235 - Liberdade",
    "Cidade": "São Paulo",
    "Estado": "SP",
    "Diferenciais": "Corpo docente qualificado, parcerias com empresas e instituições, laboratórios modernos, incentivo à pesquisa e extensão, programas de intercâmbio e estágio.",
    "CursosOferecidos": "Administração, Ciências Contábeis, Economia, Relações Internacionais, Ciência de Dados, Análise e Desenvolvimento de Sistemas, Gestão Financeira, Gestão de Recursos Humanos, Logística, Marketing, Publicidade e Propaganda, entre outros.",
    "ProcessoSeletivoDetalhes": "O processo seletivo da FECAP é aberto anualmente, com as datas divulgadas no site da instituição."
}