{
    "Nome": "Faculdade de Engenharia Industrial (FEI)",
    "AreaAtuacao": "Engenharia, Tecnologia e Administração",
    "Descricao": "Fundada em 1941, a Faculdade de Engenharia Industrial (FEI) é uma instituição de ensino superior privada com uma sólida reputação pela excelência acadêmica e tradição no ensino de engenharia, tecnologia e administração. Localizada em São Bernardo do Campo, a FEI oferece cursos de graduação, pós-graduação, extensão e pesquisa, preparando os alunos para carreiras nos setores industrial, tecnológico e empresarial. Reconhecida por sua infraestrutura moderna, parcerias com empresas e programas de intercâmbio internacional.",
    "ContatoEmail": "comunicacao@fei.edu.br",
    "ContatoTelefone": "Não informado",
    "ContatoSite": "https://www.fei.edu.br",
    "RedesSociais": "@fei_oficial (Instagram, Facebook, Twitter)",
    "Missao": "Promover a formação de profissionais altamente qualificados e comprometidos com a excelência técnica, ética e social, por meio de uma educação de qualidade em engenharia, tecnologia e administração.",
    "Visao": "Ser reconhecida nacional e internacionalmente como uma instituição de ensino de excelência, formando líderes capazes de enfrentar os desafios globais.",
    "Valores": "Excelência Acadêmica, Inovação e Empreendedorismo, Ética e Responsabilidade Social, Colaboração e Parcerias, Sustentabilidade",
    "FormasIngresso": "Vestibular tradicional, uso da nota do Enem, transferência externa, segunda graduação",
    "ProcessoSeletivoData": "Null",
    "Endereco": "Av. Humberto de Alencar Castelo Branco, 3972 - Assunção",
    "Cidade": "São Bernardo do Campo",
    "Estado": "São Paulo",
    "Diferenciais": "Laboratórios modernos, Parcerias com indústrias, Centro de Inovação e Empreendedorismo, Projetos de pesquisa aplicada, Intercâmbio internacional, Programas de bolsas de estudo e atividades extracurriculares",
    "CursosOferecidos": "Engenharia Mecânica, Engenharia Elétrica, Engenharia de Produção, Engenharia Química, Engenharia Civil, Engenharia de Computação, Engenharia de Automação e Controle, Administração, entre outros",
    "ProcessoSeletivoDetalhes": "Processo seletivo aberto, datas não especificadas"
}