{
    "Nome": "Fundação Getulio Vargas (FGV)",
    "AreaAtuacao": "Educação, Pesquisa e Consultoria em Economia, Administração, Direito e Ciências Sociais",
    "Descricao": "A Fundação Getulio Vargas (FGV) é uma instituição de ensino e pesquisa sem fins lucrativos reconhecida nacional e internacionalmente. Fundada em 1944, a FGV tem como missão promover o desenvolvimento socioeconômico do Brasil por meio da excelência na educação, pesquisa aplicada e consultoria em diversas áreas do conhecimento.",
    "ContatoEmail": "faleconosco@fgv.br",
    "ContatoTelefone": "Não especificado",
    "ContatoSite": "www.fgv.br",
    "RedesSociais": "@fgv_oficial (Instagram, Facebook, Twitter)",
    "Missao": "Contribuir para a formação de líderes e para o desenvolvimento sustentável do país, por meio da produção e disseminação de conhecimento de alta qualidade, formação acadêmica de excelência e prestação de serviços à sociedade.",
    "Visao": "Ser reconhecida como uma instituição de referência nacional e internacional em educação, pesquisa e consultoria, comprometida com a excelência e a inovação.",
    "Valores": "Excelência acadêmica, ética, pluralismo, responsabilidade social e compromisso com a qualidade e relevância dos serviços prestados.",
    "FormasIngresso": "Enem, Vestibular FGV, Internacional, Vestibular por Demanda Social e Diversidade, Transferência externa, Transferências Internacionais.",
    "ProcessoSeletivoData": "De 04/03/2024 a 03/05/2024, até às 18h.",
    "Endereco": "Av. 9 de Julho, 2029 - Bela Vista",
    "Cidade": "São Paulo",
    "Estado": "SP",
    "Diferenciais": "Programa de bolsas FGV, Intercâmbio internacional, Ampla rede de contatos profissionais, Parcerias com empresas e instituições de renome, Centros de pesquisa e laboratórios especializados.",
    "CursosOferecidos": "Graduação em Economia, Graduação em Administração, Graduação em Direito, Graduação em Ciências Sociais, Mestrado em Economia, Mestrado em Administração, Mestrado em Direito, Mestrado em Ciências Sociais, MBA em diversas especialidades, Cursos de extensão e educação executiva em Economia, Administração, Direito e Ciências Sociais.",
    "ProcessoSeletivoDetalhes": "Aberto para Admisnistração apenas, o resto datas sairam em breve."
}