{
    "Nome": "Faculdade de Informática e Administração Paulista (FIAP)",
    "AreaAtuacao": "Educação em Tecnologia da Informação, Administração e áreas correlatas",
    "Descricao": "A Faculdade de Informática e Administração Paulista (FIAP) é uma instituição de ensino superior privada, especializada na formação de profissionais nas áreas de tecnologia da informação, administração e gestão de negócios. Fundada em 1972, a FIAP destaca-se pela excelência acadêmica, infraestrutura moderna e parcerias com empresas líderes do setor, proporcionando uma formação de qualidade alinhada às demandas do mercado.",
    "ContatoEmail": "atendimento@fiap.com.br",
    "ContatoTelefone": "Não informado",
    "ContatoSite": "www.fiap.com.br",
    "RedesSociais": "@fiapoficial (Instagram, Facebook, Twitter)",
    "Missao": "Desenvolver talentos e promover a inovação por meio de uma educação de excelência, preparando profissionais capazes de transformar o mundo digital e contribuir para o progresso da sociedade.",
    "Visao": "Ser reconhecida como uma das principais instituições de ensino superior na área de tecnologia da informação e administração, formando líderes e empreendedores aptos a enfrentar os desafios do mercado global.",
    "Valores": "Excelência acadêmica, ética, inovação, compromisso com o aluno, responsabilidade social e ambiental.",
    "FormasIngresso": "Vestibular tradicional, uso da nota do Enem, transferência externa e segunda graduação.",
    "ProcessoSeletivoData": "01/08/2024, informações disponíveis no site da instituição",
    "Endereco": "Av. Lins de Vasconcelos, 1222",
    "Cidade": "São Paulo",
    "Estado": "SP",
    "Diferenciais": "Corpo docente formado por profissionais atuantes no mercado, laboratórios equipados com tecnologia de ponta, parcerias com empresas de destaque, projetos práticos e desafios reais de mercado, intercâmbio internacional, programas de estágio e empregabilidade.",
    "CursosOferecidos": {
        "Graduacao": [
            "Ciência da Computação",
            "Sistemas de Informação",
            "Engenharia da Computação",
            "Administração",
            "Administração com ênfase em Empreendedorismo e Gestão de Startups",
            "Administração com ênfase em Finanças",
            "Administração com ênfase em Marketing",
            "Administração com ênfase em Negócios Digitais",
            "Jogos Digitais",
            "Design Digital",
            "Análise e Desenvolvimento de Sistemas",
            "Banco de Dados",
            "Redes de Computadores",
            "Inteligência Artificial",
            "entre outros"
        ],
        "Pos-graduacao": [
            "MBA em Gestão da Tecnologia da Informação",
            "MBA em Business Intelligence",
            "MBA em Marketing Digital",
            "MBA em Gestão Empresarial",
            "entre outros"
        ],
        "CursosExtensao": [
            "Diversos cursos de curta duração e workshops em áreas como Programação, Big Data, Desenvolvimento de Aplicativos, Design Thinking",
            "entre outros, voltados para profissionais em busca de atualização e aprimoramento de habilidades"
        ]
    },
    "ProcessoSeletivoDetalhes": "O processo seletivo ocorre no dia 01/08/2024 e mais informações estão disponíveis no site da instituição."
}