{
    "Nome": "Centro Universitário das Faculdades Metropolitanas Unidas (FMU)",
    "AreaAtuacao": "Educação em diversas áreas do conhecimento",
    "Descricao": "O Centro Universitário FMU é uma instituição privada de ensino superior com mais de 50 anos de tradição, oferecendo uma ampla gama de cursos de graduação, pós-graduação e extensão em diversas áreas do conhecimento.",
    "ContatoEmail": "fmu@fmu.br",
    "ContatoTelefone": "Não informado",
    "ContatoSite": "www.fmu.br",
    "RedesSociais": "@fmuoficial (Instagram, Facebook, Twitter)",
    "Missao": "Promover a formação integral de profissionais qualificados e éticos, contribuindo para o desenvolvimento da sociedade.",
    "Visao": "Ser reconhecida como uma instituição de excelência em educação, inovação e pesquisa, preparando os alunos para os desafios do mercado de trabalho.",
    "Valores": "Excelência acadêmica, ética, responsabilidade social, diversidade e compromisso com a qualidade educacional.",
    "FormasIngresso": "Vestibular tradicional, uso da nota do Enem, transferência externa e segunda graduação.",
    "ProcessoSeletivoData": "Informações disponíveis no site.",
    "Endereco": "Rua Taguá, 150 - Liberdade",
    "Cidade": "São Paulo",
    "Estado": "SP",
    "Diferenciais": "Corpo docente qualificado, laboratórios modernos, infraestrutura completa, programas de estágio e parcerias com empresas, atividades extracurriculares e de extensão, suporte ao estudante e inserção internacional.",
    "CursosOferecidos": "Administração, Arquitetura e Urbanismo, Biomedicina, Ciência da Computação, Ciências Contábeis, Direito, Engenharia Civil, Estética e Cosmética, Gastronomia, Jornalismo, Publicidade e Propaganda, Relações Internacionais, entre outros.",
    "ProcessoSeletivoDetalhes": "Não informado"
}