{
    "Nome": "Universidade Federal do Rio Grande (FURG)",
    "AreaAtuacao": "Educação superior, pesquisa científica, extensão comunitária",
    "Descricao": "A FURG é uma instituição pública de ensino superior comprometida com a formação de profissionais qualificados, a produção de conhecimento e o desenvolvimento regional, promovendo a inclusão social e a sustentabilidade.",
    "ContatoEmail": "comunicacao@furg.br",
    "ContatoTelefone": "(53) 3293-5000",
    "ContatoSite": "www.furg.br",
    "RedesSociais": "@furgoficial (Instagram, Twitter, Facebook)",
    "Missao": "Promover a educação superior, a pesquisa e a extensão, com qualidade e relevância social, visando ao desenvolvimento humano e regional.",
    "Visao": "Ser reconhecida nacional e internacionalmente como uma universidade de excelência em ensino, pesquisa e extensão, comprometida com a promoção da cidadania, da diversidade e da sustentabilidade.",
    "Valores": "Ética, excelência, inclusão, compromisso social, sustentabilidade",
    "FormasIngresso": "Vestibular, Sisu, Enem, transferência, programas de mobilidade acadêmica",
    "ProcessoSeletivoData": "Via Sisu",
    "Endereco": "Av. Itália, km 8 - Carreiros, Rio Grande",
    "Cidade": "Rio Grande",
    "Estado": "Rio Grande do Sul",
    "Diferenciais": "Foco em ciências do mar, infraestrutura de pesquisa oceanográfica, integração com comunidade pesqueira",
    "CursosOferecidos": [
        "Administração",
        "Arqueologia",
        "Arquitetura e Urbanismo",
        "Artes Visuais",
        "Biologia Marinha",
        "Ciência da Computação",
        "Ciências Biológicas",
        "Ciências Econômicas",
        "Ciências Sociais",
        "Direito",
        "Educação Física",
        "Engenharia Ambiental e Sanitária",
        "Engenharia de Aquicultura",
        "Engenharia de Energia",
        "Engenharia de Materiais",
        "Engenharia de Pesca",
        "Engenharia de Produção",
        "Engenharia de Telecomunicações",
        "Engenharia Elétrica",
        "Engenharia Mecânica",
        "Engenharia Química",
        "Engenharia Sanitária e Ambiental",
        "Filosofia",
        "Física",
        "Geografia",
        "Geologia",
        "História",
        "Letras",
        "Matemática",
        "Medicina",
        "Medicina Veterinária",
        "Oceanografia",
        "Pedagogia",
        "Química",
        "Sistemas de Informação",
        "Zootecnia"
    ],
    "ProcessoSeletivoDetalhes": "Aberto"
}