{
    "Nome": "IBMEC",
    "AreaAtuacao": "Educação em Negócios e Finanças",
    "Descricao": "O IBMEC oferece uma ampla variedade de cursos nas áreas de Administração, Economia, Direito e Engenharia, visando preparar seus alunos para os desafios do mercado de trabalho. Com programas de graduação e pós-graduação, além de cursos de extensão e educação executiva, a instituição proporciona uma educação de excelência focada na prática e na aplicação dos conhecimentos teóricos.",
    "ContatoEmail": "info@ibmec.edu.br",
    "ContatoTelefone": "Não informado",
    "ContatoSite": "www.ibmec.edu.br",
    "RedesSociais": "@ibmec (Instagram, Facebook, Twitter)",
    "Missao": "Fornecer uma educação de qualidade e formar profissionais éticos, inovadores e preparados para os desafios do mercado global.",
    "Visao": "Ser reconhecido como uma instituição líder em educação de negócios e finanças, contribuindo para o desenvolvimento econômico e social do Brasil.",
    "Valores": "Excelência acadêmica, ética, inovação, responsabilidade social e compromisso com o sucesso dos alunos.",
    "FormasIngresso": "Vestibular, Enem, Transferência",
    "ProcessoSeletivoData": "Inscrições até 18/06",
    "Endereco": "Av. Pres. Juscelino Kubitschek, 1455 - Itaim Bibi",
    "Cidade": "São Paulo",
    "Estado": "SP",
    "Diferenciais": "Programa de bolsas IBMEC, intercâmbio internacional, laboratório de fabricação digital (FabLab), entidades estudantis, atlética.",
    "CursosOferecidos": "Administração, Economia, Direito, Engenharia",
    "ProcessoSeletivoDetalhes": "Processo seletivo aberto para inscrições até 18/06, diversas formas de ingresso, programa de bolsas, intercâmbio internacional, laboratório de fabricação digital, entre outros diferenciais."
}