{
    "Nome": "INSPER - Instituto de Ensino e Pesquisa",
    "AreaAtuacao": "Negócios, Economia, Direito e Engenharia",
    "Descricao": "O INSPER é uma instituição de ensino superior privada, reconhecida pela excelência acadêmica e foco nas áreas de Negócios, Economia, Direito e Engenharia. Fundado em 1987, oferece graduação, pós-graduação e cursos de extensão, buscando formar líderes e profissionais de excelência.",
    "ContatoEmail": "contato@insper.edu.br",
    "ContatoTelefone": "Não disponível",
    "ContatoSite": "www.insper.edu.br",
    "RedesSociais": "Não informado",
    "Missao": "Formar líderes e profissionais de excelência, integrando teoria e prática para o mercado de trabalho.",
    "Visao": "Não disponível",
    "Valores": "Excelência acadêmica, ética, inovação, responsabilidade social",
    "FormasIngresso": "Vestibular, ENEM, transferência, segunda graduação",
    "ProcessoSeletivoData": {
        "Inscricoes": "19/05/2024 a 04/06/2024",
        "Provas2aFase": "Presencialmente entre 21/06/2024 e 23/06/2024; Online em 24/06/2024",
        "Resultado": "04/07/2024"
    },
    "Endereco": "Rua Quatá, 300",
    "Cidade": "São Paulo",
    "Estado": "SP",
    "Diferenciais": "Corpo docente qualificado, metodologia prática, parcerias com empresas, intercâmbio internacional, bolsas de estudo",
    "CursosOferecidos": {
        "Graduacao": [
            "Administração",
            "Economia",
            "Engenharia (Mecânica, Mecatrônica, Computação)",
            "Direito"
        ],
        "PosGraduacao": [
            "Mestrados",
            "Doutorados",
            "MBAs",
            "Especializações"
        ],
        "Extensao": [
            "Cursos rápidos em gestão, finanças, marketing, direito, tecnologia, entre outros"
        ]
    },
    "ProcessoSeletivoDetalhes": "Inscrições abertas periodicamente, com datas importantes para inscrição, realização das provas da segunda fase e divulgação dos resultados."
}