{
    "Nome": "Instituto Mauá de Tecnologia",
    "AreaAtuacao": "Educação em Engenharia, Tecnologia e Administração",
    "Descricao": "Fundado em 1961 por um grupo de empresários liderados por Pietro Mauá, o Instituto Mauá de Tecnologia é uma instituição de ensino superior privada com uma história rica e uma reputação consolidada pela excelência acadêmica e tradição no ensino de engenharia, tecnologia e administração. Com campi localizados estrategicamente em São Paulo e São Caetano do Sul, o IMT oferece uma ampla gama de cursos de graduação, pós-graduação, extensão e pesquisa, preparando os alunos para atuarem nos setores industrial, tecnológico e empresarial. Reconhecido por sua infraestrutura moderna, parcerias com empresas e instituições renomadas, e programas de intercâmbio internacional, o IMT é uma referência no cenário educacional brasileiro.",
    "ContatoEmail": "comunicacao@maua.br",
    "ContatoTelefone": "",
    "ContatoSite": "http://www.maua.br",
    "RedesSociais": "@institutomaua (Instagram, Facebook, Twitter)",
    "Missao": "Despertar e desenvolver o potencial humano por meio de uma educação de excelência em engenharia, tecnologia e administração, impulsionando a formação de profissionais visionários, éticos e comprometidos com a transformação social e econômica.",
    "Visao": "Ser reconhecido como um polo de referência nacional e internacional, reconhecido não apenas pela excelência acadêmica, mas também pela capacidade de inspirar e capacitar líderes e inovadores que moldarão o futuro da engenharia, tecnologia e administração em um mundo em constante evolução.",
    "Valores": {
        "Paixao pela Inovacao": "Fomentar a curiosidade, a criatividade e o pensamento disruptivo, buscando constantemente soluções inovadoras para os desafios do presente e do futuro.",
        "Compromisso com a Excelencia": "Cultivar um ambiente de aprendizado rigoroso e estimulante, onde a busca pela qualidade e pelo aprimoramento contínuo seja a base de tudo o que fazemos.",
        "Empreendedorismo com Proposito": "Encorajar o empreendedorismo como uma força motriz para a criação de impacto positivo na sociedade, capacitando nossos alunos a enfrentar desafios complexos com visão, coragem e determinação.",
        "Integridade e Etica": "Agir com integridade, transparência e respeito, honrando os mais altos padrões éticos em todas as nossas interações e decisões.",
        "Responsabilidade Social e Ambiental": "Assumir nossa responsabilidade de contribuir para o bem-estar da comunidade e a preservação do meio ambiente, integrando práticas sustentáveis em todas as nossas atividades e operações."
    },
    "FormasIngresso": "Vestibular tradicional, uso da nota do Enem, transferência externa e segunda graduação",
    "ProcessoSeletivoData": {
        "Prova Presencial": "23/06",
        "Prova On-line": "26/06",
        "Utilizacao de Nota do ENEM": "até 24/06",
        "Vagas Olimpicas": "26/06",
        "Certificacao Internacional": "26/06"
    },
    "Endereco": {
        "Campus de Sao Paulo": "Rua Pedro de Toledo, 1071 - Vila Mariana",
        "Campus de Sao Caetano do Sul": "Praça Mauá, 1"
    },
    "Cidade": {
        "Campus de Sao Paulo": "São Paulo",
        "Campus de Sao Caetano do Sul": "São Caetano do Sul"
    },
    "Estado": {
        "Campus de Sao Paulo": "SP",
        "Campus de Sao Caetano do Sul": "SP"
    },
    "Diferenciais": {
        "Parcerias com empresas e instituicoes de renome": true,
        "Laboratorios modernos e bem equipados": true,
        "Incubadora de empresas": true,
        "Projetos de pesquisa e inovacao": true,
        "Intercambio internacional": true,
        "Programas de bolsas de estudo e atividades extracurriculares": true
    },
    "CursosOferecidos": {
        "Graduacao": [
            "Engenharia Mecanica",
            "Engenharia Eletrica",
            "Engenharia de Producao",
            "Engenharia Quimica",
            "Engenharia Civil",
            "Engenharia de Computacao",
            "Engenharia de Controle e Automacao",
            "Administracao",
            "Design"
        ],
        "Pos-graduacao": [
            "Mestrados",
            "Doutorados",
            "MBAs em diversas areas da engenharia, administracao e tecnologia"
        ]
    },
    "ProcessoSeletivoDetalhes": "Processo seletivo aberto com diversas datas importantes. As formas de ingresso incluem vestibular tradicional, uso da nota do ENEM, transferencia externa e segunda graduacao."
}