{
    "Nome": "Instituto Tecnológico de Aeronáutica (ITA)",
    "AreaAtuacao": "Educação em Engenharia e Tecnologia Aeroespacial",
    "Descricao": "O Instituto Tecnológico de Aeronáutica (ITA) é uma instituição pública de ensino superior, especializada em engenharia e tecnologia aeroespacial, fundada em 1950. Reconhecido nacional e internacionalmente pela excelência acadêmica, o ITA oferece cursos de graduação, pós-graduação e extensão voltados para a formação de profissionais altamente qualificados para atuar no setor aeroespacial e em áreas afins.",
    "ContatoEmail": "ita@ita.br",
    "ContatoTelefone": "Não informado",
    "ContatoSite": "www.ita.br",
    "RedesSociais": "@ita_oficial (Instagram, Facebook, Twitter)",
    "Missao": "Contribuir para o desenvolvimento científico e tecnológico do país, formando engenheiros e pesquisadores de excelência, com sólida base teórica e prática, aptos a enfrentar os desafios do mercado e da sociedade.",
    "Visao": "Ser reconhecido como um centro de excelência em educação, pesquisa e inovação em engenharia e tecnologia aeroespacial, com impacto nacional e internacional.",
    "Valores": "Excelência acadêmica, compromisso com a inovação, ética, responsabilidade social, respeito ao meio ambiente e busca pela melhoria contínua.",
    "FormasIngresso": "Processo Seletivo próprio, composto por provas de Matemática, Física, Química, Português e Inglês, além de exames médicos e psicológicos.",
    "ProcessoSeletivoData": "03 jun a 17 jul 2024",
    "Endereco": "São José dos Campos",
    "Cidade": "São José dos Campos",
    "Estado": "São Paulo",
    "Diferenciais": "Corpo docente altamente qualificado, infraestrutura de ponta com laboratórios e equipamentos especializados, parcerias com empresas e instituições de pesquisa, projetos de inovação e empreendedorismo, intercâmbio acadêmico internacional, oportunidades de estágio e inserção no mercado de trabalho ainda durante a graduação.",
    "CursosOferecidos": [
        "Engenharia Aeroespacial",
        "Engenharia Aeronáutica",
        "Engenharia Eletrônica",
        "Engenharia Mecânica-Aeronáutica",
        "Engenharia Civil-Aeronáutica",
        "Engenharia de Computação"
    ],
    "ProcessoSeletivoDetalhes": "O processo seletivo do ITA ocorre anualmente e é composto por provas de Matemática, Física, Química, Português e Inglês, além de exames médicos e psicológicos. Os candidatos aprovados têm a oportunidade de cursar uma das engenharias oferecidas pelo instituto, com acesso a uma educação de excelência, corpo docente altamente qualificado e oportunidades de estágio e inserção no mercado de trabalho."
}