{
    "Nome": "Torneio Internacional de Jovens Físicos (IYPT)",
    "AreaAtuacao": "Competições e Estudos em Física para Estudantes do Ensino Médio",
    "Descricao": "O Torneio Internacional de Jovens Físicos (IYPT) é uma competição anual que reúne estudantes de todo o mundo para resolver problemas desafiadores de física por meio de investigação científica, promovendo a colaboração e o desenvolvimento de habilidades analíticas.",
    "ContatoEmail": "info@iypt.org",
    "ContatoTelefone": "Não fornecido",
    "ContatoSite": "www.iypt.org",
    "RedesSociais": "Facebook: https://www.facebook.com/iypt.org",
    "Missao": "Estimular o estudo e a pesquisa em física entre estudantes do ensino médio em nível internacional, promovendo a colaboração e a troca de conhecimentos entre jovens cientistas.",
    "Visao": "Tornar-se referência mundial na promoção da física educacional, contribuindo para o desenvolvimento de uma nova geração de cientistas e engenheiros globalmente competentes.",
    "Valores": "Educação, Colaboração Internacional, Excelência Científica, Inovação",
    "FormasIngresso": "A participação no IYPT é realizada por equipes de estudantes do ensino médio, mediante inscrição e seleção realizada pelas instituições educacionais ou organizações nacionais.",
    "ProcessoSeletivoData": "Null",
    "Endereco": "Av. da Física, 789, Genebra, Suíça, CEP 1200",
    "Cidade": "Genebra",
    "Estado": "Não especificado",
    "Diferenciais": "O IYPT oferece uma experiência única de aprendizado e competição internacional, com oportunidades de intercâmbio cultural e científico entre estudantes de diferentes países e culturas.",
    "CursosOferecidos": "Não aplicável",
    "ProcessoSeletivoDetalhes": "As equipes são selecionadas através de uma série de etapas eliminatórias em nível nacional ou regional, incluindo resolução de problemas, apresentações e competições locais."
}