{
    "Nome": "Universidade Presbiteriana Mackenzie",
    "AreaAtuacao": "Educação em diversos campos do conhecimento",
    "Descricao": "A Universidade Presbiteriana Mackenzie é uma instituição de ensino superior privada, fundada em 1870, com sede em São Paulo, Brasil. Oferece uma ampla gama de cursos de graduação, pós-graduação e extensão, abrangendo áreas como Humanas, Exatas, Biológicas e Tecnológicas.",
    "ContatoEmail": "central@mackenzie.br",
    "ContatoTelefone": "Não disponível",
    "ContatoSite": "www.mackenzie.br",
    "RedesSociais": "@mackenzie_oficial (Instagram, Facebook, Twitter)",
    "Missao": "Promover a formação integral do indivíduo, por meio da educação e da pesquisa, contribuindo para o desenvolvimento da sociedade.",
    "Visao": "Ser reconhecida nacional e internacionalmente pela excelência acadêmica e pela formação de profissionais éticos e comprometidos com o bem-estar social.",
    "Valores": "Ética, excelência acadêmica, responsabilidade social, respeito à diversidade e compromisso com a verdade.",
    "FormasIngresso": "Vestibular tradicional, uso da nota do Enem, transferência externa, segunda graduação e programa de ingresso seriado (prova agendada)",
    "ProcessoSeletivoData": "04/04/24 a 27/05/24",
    "Endereco": "Rua Maria Antônia, 307 - Consolação",
    "Cidade": "São Paulo",
    "Estado": "SP",
    "Diferenciais": "Tradição e história centenária, infraestrutura moderna e completa, corpo docente qualificado, intercâmbio internacional, programas de bolsas de estudo, atividades extracurriculares e de extensão universitária.",
    "CursosOferecidos": "Administração, Arquitetura e Urbanismo, Ciências Biológicas, Ciência da Computação, Ciências Contábeis, Ciências Econômicas, Comunicação Social (Jornalismo, Publicidade e Propaganda, Relações Públicas), Design (Design de Moda, Design Gráfico, Design de Produto), Direito, Engenharia Civil, Engenharia de Computação, Engenharia Elétrica, Engenharia Mecânica, Engenharia de Produção, Engenharia Química, Engenharia de Software, Psicologia, Sistemas de Informação. Pós-graduação: mestrado e doutorado em diversas áreas, cursos de especialização e extensão.",
    "ProcessoSeletivoDetalhes": "O processo seletivo é aberto e as datas vão de 04/04/24 a 27/05/24."
}