{
    "Nome": "Olimpíada Brasileira de Astronomia e Astronáutica (OBA)",
    "AreaAtuacao": "Educação, promoção da Astronomia e exploração do universo",
    "Descricao": "A Olimpíada Brasileira de Astronomia e Astronáutica tem como objetivo estimular o interesse dos estudantes do ensino médio pela Astronomia e Astronáutica, promovendo o conhecimento sobre o universo e suas leis físicas.",
    "ContatoEmail": "contato@oba.org.br",
    "ContatoTelefone": "Não aplicável",
    "ContatoSite": "www.oba.org.br",
    "RedesSociais": {
        "Facebook": "https://www.facebook.com/OlimpiadaBrasileiraDeAstronomia/",
        "Instagram": "https://www.instagram.com/obaastronomia/"
    },
    "Missao": "Promover o estudo da Astronomia e Astronáutica entre os estudantes do ensino médio, incentivando a curiosidade científica e o desenvolvimento de habilidades de observação e análise.",
    "Visao": "Tornar-se referência nacional na promoção do conhecimento sobre o universo, contribuindo para a formação de uma sociedade mais consciente e engajada com as questões espaciais.",
    "Valores": [
        "Exploração",
        "Descoberta",
        "Compreensão",
        "Colaboração",
        "Inovação"
    ],
    "FormasIngresso": "Inscrição através do site oficial da OBA",
    "ProcessoSeletivoData": "Inscrições até 01/05/2024",
    "Endereco": "Não aplicável",
    "Cidade": "Não aplicável",
    "Estado": "Não aplicável",
    "Diferenciais": "Reconhecimento nacional e possibilidade de representar o Brasil em competições internacionais de Astronomia e Astronáutica. Estímulo ao pensamento científico e à investigação do universo. Certificados de participação e premiações para os destaques",
    "CursosOferecidos": "Não aplicável",
    "ProcessoSeletivoDetalhes": "Prova teórica composta por questões que avaliam o conhecimento astronômico dos participantes, com possíveis atividades práticas relacionadas à Astronomia e Astronáutica"
}