{
    "Nome": "Olimpíada Brasileira de Biologia (OBB)",
    "AreaAtuacao": "Educação, promoção da Biologia e ciências da vida",
    "Descricao": "A Olimpíada Brasileira de Biologia é uma competição acadêmica que visa estimular o interesse dos estudantes do ensino médio pela Biologia, promovendo o desenvolvimento científico e tecnológico do país. A competição é nacional e oferece oportunidades de desenvolvimento de habilidades de pesquisa, networking e representação do Brasil em competições internacionais.",
    "ContatoEmail": "contato@obb.org.br",
    "ContatoTelefone": "Não aplicável",
    "ContatoSite": "www.obb.org.br",
    "RedesSociais": {
        "Facebook": "https://www.facebook.com/OlimpiadaBrasileiradeBiologia",
        "Instagram": "https://www.instagram.com/obb_oficial/"
    },
    "Missao": "Promover o estudo da Biologia entre os estudantes do ensino médio, incentivando a curiosidade científica e o desenvolvimento de habilidades de pesquisa.",
    "Visao": "Tornar-se referência nacional no estímulo ao estudo da Biologia, contribuindo para a formação de futuros profissionais qualificados e engajados na área.",
    "Valores": [
        "Excelência",
        "Inovação",
        "Colaboração",
        "Ética",
        "Inclusão"
    ],
    "FormasIngresso": "Inscrição através do site oficial da OBB",
    "ProcessoSeletivoData": "Encerrado",
    "Endereco": "Não aplicável",
    "Cidade": "Não aplicável",
    "Estado": "Não aplicável",
    "Diferenciais": [
        "Reconhecimento nacional",
        "Possibilidade de representar o Brasil em competições internacionais de Biologia",
        "Desenvolvimento de habilidades de resolução de problemas e pensamento crítico",
        "Networking com estudantes e profissionais da área de Biologia",
        "Certificados de participação e premiações para os destaques"
    ],
    "CursosOferecidos": "Não aplicável",
    "ProcessoSeletivoDetalhes": "Fechado"
}