{
    "Nome": "Olimpíada Brasileira de Economia (OBECON)",
    "AreaAtuacao": "Educação, Promoção da Economia, Competições Acadêmicas",
    "Descricao": "A Olimpíada Brasileira de Economia é uma competição anual voltada para estudantes do ensino médio, que tem como objetivo fomentar o interesse pela economia e promover o desenvolvimento acadêmico na área. Organizada pela Associação Brasileira de Economia (ABE), em parceria com instituições de ensino e órgãos governamentais, a OBECON desafia os participantes a aplicarem conceitos econômicos em situações práticas e teóricas, incentivando a reflexão crítica e o aprofundamento no estudo da ciência econômica.",
    "ContatoEmail": "contato@obecon.org",
    "ContatoTelefone": "Não informado",
    "ContatoSite": "www.economia.org.br/obecon",
    "RedesSociais": {
        "Facebook": "facebook.com/obecon",
        "Twitter": "twitter.com/obecon",
        "Instagram": "instagram.com/obecon"
    },
    "Missao": "Contribuir para a disseminação do conhecimento econômico e para a formação de uma nova geração de profissionais e cidadãos conscientes e engajados nas questões econômicas do país.",
    "Visao": "Ser reconhecida como uma das principais iniciativas de estímulo ao estudo da economia entre os estudantes do ensino médio, promovendo o desenvolvimento intelectual e o pensamento crítico.",
    "Valores": "Rigor acadêmico, ética, pluralidade de ideias, inclusão e excelência educacional",
    "FormasIngresso": "As escolas podem inscrever seus alunos para participar da OBECON, mediante o cumprimento dos requisitos estabelecidos pela organização. Os estudantes interessados também podem se inscrever individualmente, desde que atendam aos critérios de participação.",
    "ProcessoSeletivoData": "As datas de inscrição, realização das provas e divulgação dos resultados são divulgadas previamente no site oficial da OBECON e demais canais de comunicação, permitindo que os interessados se programem adequadamente.",
    "Endereco": "Não informado",
    "Diferenciais": [
        "Reconhecimento nacional como uma das principais competições acadêmicas na área de economia",
        "Oportunidade de ampliar o conhecimento econômico e desenvolver habilidades analíticas e argumentativas",
        "Possibilidade de participação em programas de mentoria e atividades complementares voltadas para o aprimoramento dos participantes",
        "Certificação e premiação para os melhores desempenhos, incentivando a busca pela excelência e pelo aprofundamento no estudo da economia"
    ],
    "CursosOferecidos": "Não aplicável",
    "ProcessoSeletivoDetalhes": "A OBECON é composta por uma fase eliminatória, que pode incluir provas escritas, dissertativas e/ou objetivas, abrangendo conteúdos diversos da economia. Os participantes são avaliados quanto ao seu conhecimento teórico, capacidade de análise e interpretação de dados econômicos, além de sua habilidade argumentativa."
}