{
    "Nome": "Olimpíada Brasileira de Física",
    "AreaAtuacao": "Educação, Promoção da Física, Competições Acadêmicas",
    "Descricao": "A Olimpíada Brasileira de Física é uma competição anual organizada pela Sociedade Brasileira de Física que busca incentivar o estudo da física entre os estudantes do ensino médio. Reconhecida como uma das principais olimpíadas científicas do Brasil, a OBF tem como missão promover a disseminação do conhecimento em física e incentivar o desenvolvimento acadêmico e científico dos estudantes brasileiros. A competição é composta por diferentes etapas, incluindo provas teóricas e práticas, e oferece certificados de participação e premiações para os destaques em cada categoria e nível.",
    "ContatoEmail": "",
    "ContatoTelefone": "",
    "ContatoSite": "www.sbfisica.org.br",
    "RedesSociais": "@obf.obfep.df_oficial",
    "Missao": "Promover a disseminação do conhecimento em física e incentivar o desenvolvimento acadêmico e científico dos estudantes brasileiros.",
    "Visao": "Ser referência nacional na promoção do estudo da física e na descoberta de talentos científicos entre os jovens do país.",
    "Valores": "Excelência acadêmica, ética, inclusão, colaboração e inovação.",
    "FormasIngresso": "As escolas podem inscrever seus alunos ou os próprios estudantes podem se inscrever individualmente, desde que cumpram os requisitos estabelecidos pela organização.",
    "ProcessoSeletivoData": "Datas de inscrição, realização das provas e divulgação dos resultados são anunciadas com antecedência no site oficial da SBF.",
    "Endereco": "Não especificado",
    "Cidade": "Não especificado",
    "Estado": "Não especificado",
    "Diferenciais": "Reconhecimento nacional como uma das principais olimpíadas científicas do Brasil, oportunidade de desenvolvimento acadêmico e científico para estudantes do ensino médio, possibilidade de participação em programas de incentivo à pesquisa e à ciência, certificados de participação e premiações para os destaques em cada categoria e nível da competição.",
    "CursosOferecidos": "",
    "ProcessoSeletivoDetalhes": "A OBF é composta por diferentes etapas, incluindo provas teóricas e práticas, conforme as categorias e níveis de participação. Os participantes são avaliados em seus conhecimentos e habilidades em física, com questões que abrangem diversos tópicos do currículo escolar."
}