{
    "Nome": "Olimpíada Brasileira de Física na Escola Pública (OBFEP)",
    "AreaAtuacao": "Educação, Promoção da Física, Competições Acadêmicas",
    "Descricao": "A Olimpíada Brasileira de Física na Escola Pública é uma competição anual destinada aos estudantes de escolas públicas do Brasil, com o objetivo de incentivar o interesse pela física e promover a ciência entre jovens de todo o país. A OBFEP é organizada em parceria com o Ministério da Educação e tem como propósito estimular o estudo e a compreensão dos princípios fundamentais da física, além de identificar e premiar talentos nesta área.",
    "ContatoEmail": "obfep@sbfisica.org.br",
    "ContatoTelefone": "Não informado",
    "ContatoSite": "https://www.sbfisica.org.br/",
    "RedesSociais": "[Links para as redes sociais da OBFEP]",
    "Missao": "Promover o ensino e a aprendizagem da física nas escolas públicas brasileiras, contribuindo para a formação de uma sociedade mais cientificamente educada e participativa.",
    "Visao": "Ser reconhecida como uma iniciativa de referência na promoção da educação científica entre os estudantes de escolas públicas do Brasil, fomentando o desenvolvimento de talentos na área da física.",
    "Valores": "Inclusão, qualidade educacional, estímulo ao pensamento crítico, equidade e excelência acadêmica.",
    "FormasIngresso": "As escolas públicas podem inscrever seus alunos para participar da OBFEP. Os estudantes podem ser selecionados por meio de processos internos das escolas ou indicados pelos professores de física para representar a instituição na competição.",
    "ProcessoSeletivoData": "Período Credenciamento/Inscrição de Escola De 30 de março até 03 de junho",
    "Endereco": "Null",
    "Cidade": "Não informado",
    "Estado": "Não informado",
    "Diferenciais": "A OBFEP oferece oportunidades de aprendizado e crescimento acadêmico para estudantes de escolas públicas, incentivando a participação e o interesse pela física. Reconhecimento e premiação dos melhores desempenhos, estimulando a busca pela excelência e pelo aprimoramento contínuo. Colaboração entre estudantes, professores e instituições de ensino, fortalecendo a comunidade educacional e promovendo o compartilhamento de conhecimento e experiências.",
    "CursosOferecidos": "Não aplicável",
    "ProcessoSeletivoDetalhes": "A OBFEP é composta por etapas que incluem provas teóricas e práticas, elaboradas de acordo com o nível de ensino dos participantes. As provas abrangem conteúdos de física do currículo escolar, sendo desenvolvidas de forma a desafiar e avaliar o conhecimento e habilidades dos estudantes."
}