{
    "Nome": "Olimpíada Brasileira de Geografia (OBG)",
    "AreaAtuacao": "Educação, promoção da Geografia e compreensão do espaço geográfico",
    "Descricao": "A Olimpíada Brasileira de Geografia é uma competição que visa estimular o interesse dos estudantes do ensino médio pela Geografia, promovendo o conhecimento sobre as dinâmicas socioespaciais e os desafios ambientais.",
    "ContatoEmail": "contato@obgeografia.org.br",
    "ContatoTelefone": "Não aplicável",
    "ContatoSite": "www.obgeografia.org.br",
    "RedesSociais": {
        "Facebook": "https://www.facebook.com/OBG_Oficial",
        "Instagram": "https://www.instagram.com/obg_oficial/"
    },
    "Missao": "Promover o estudo da Geografia entre os estudantes do ensino médio, incentivando a reflexão sobre as relações sociedade-natureza e os desafios socioambientais contemporâneos.",
    "Visao": "Tornar-se referência nacional na promoção do conhecimento geográfico, contribuindo para a formação de cidadãos mais conscientes e engajados com as questões socioespaciais.",
    "Valores": [
        "Conhecimento",
        "Cidadania",
        "Sustentabilidade",
        "Inclusão",
        "Diálogo"
    ],
    "FormasIngresso": "Inscrição através do site oficial da OBG",
    "ProcessoSeletivoData": "Null",
    "Endereco": "Não aplicável",
    "Cidade": "Não aplicável",
    "Estado": "Não aplicável",
    "Diferenciais": "Reconhecimento nacional e possibilidade de representar o Brasil em competições internacionais de Geografia. Estímulo ao pensamento crítico e à compreensão das questões socioambientais. Certificados de participação e premiações para os destaques.",
    "CursosOferecidos": "Não aplicável",
    "ProcessoSeletivoDetalhes": "Prova teórica composta por questões que avaliam o conhecimento geográfico e a capacidade analítica dos participantes"
}