{
    "Nome": "Olimpíada Brasileira de Informática (OBI)",
    "AreaAtuacao": "Competições e Oportunidades em Informática para Estudantes do Ensino Médio",
    "Descricao": "A Olimpíada Brasileira de Informática (OBI) é uma competição anual de programação e resolução de problemas computacionais para estudantes do ensino médio. Além da competição, oferece cursos e materiais de estudo para alunos interessados em aprimorar suas habilidades em informática.",
    "ContatoEmail": "contato@olimpiada.ic.unicamp.br",
    "ContatoTelefone": "Não informado",
    "ContatoSite": "www.olimpiada.ic.unicamp.br",
    "RedesSociais": {
        "Facebook": "https://www.facebook.com/OlimpiadaDeInformatica/",
        "Twitter": "https://twitter.com/obioficial",
        "Instagram": "https://www.instagram.com/obioficial/"
    },
    "Missao": "Promover o ensino e a disseminação da cultura de informática entre estudantes do ensino médio, incentivando o desenvolvimento de habilidades em programação e resolução de problemas computacionais.",
    "Visao": "Tornar-se referência nacional no estímulo ao interesse pela informática e na descoberta de talentos na área, contribuindo para a formação de profissionais qualificados.",
    "Valores": [
        "Excelência",
        "Inclusão",
        "Colaboração",
        "Inovação"
    ],
    "FormasIngresso": "A participação na Olimpíada Brasileira de Informática é aberta a todos os estudantes regularmente matriculados no ensino médio em escolas públicas ou privadas.",
    "ProcessoSeletivoData": {
        "AberturaInscricoes": "01/04/2024",
        "InscricaoModalidadeIniciacao": "até 20/05/2024",
        "InscricaoModalidadeProgramacao": "até 31/05/2024",
        "InscricaoCompeticaoFeminina": "até 11/09/2024",
        "InscricaoCompetidoresIniciacao": "até 21/05/2024",
        "InscricaoCompetidoresProgramacao": "até 03/06/2024",
        "InscricaoCompetidoresCompeticaoFeminina": "até 12/09/2024"
    },
    "Endereco": "Instituto de Computação - UNICAMP, Av. Albert Einstein, 1251, Cidade Universitária Zeferino Vaz",
    "Cidade": "Campinas",
    "Estado": "SP",
    "Diferenciais": "A OBI oferece material de estudo gratuito, cursos online e presenciais, além de oportunidades de participação em competições internacionais para os melhores classificados.",
    "CursosOferecidos": "Não informado",
    "ProcessoSeletivoDetalhes": "Os participantes se inscrevem através do site oficial da OBI e são submetidos a uma prova que avalia seus conhecimentos e habilidades em informática e programação."
}