{
    "Nome": "Olimpíada Brasileira de Linguística (OBL)",
    "AreaAtuacao": "Competições e Estudos em Linguística para Estudantes do Ensino Médio",
    "Descricao": "A Olimpíada Brasileira de Linguística (OBL) é uma competição anual que visa promover o estudo e o interesse pela linguística entre estudantes do ensino médio. Além da competição, oferece recursos educacionais e materiais de estudo para alunos interessados em aprimorar seus conhecimentos linguísticos.",
    "ContatoEmail": "contato@olimpiadadelinguistica.org.br",
    "ContatoTelefone": "",
    "ContatoSite": "www.olimpiadadelinguistica.org.br",
    "RedesSociais": {
        "Facebook": "https://www.facebook.com/OlimpiadaDeLinguistica/",
        "Twitter": "https://twitter.com/oblinguistica",
        "Instagram": "https://www.instagram.com/oblinguistica/"
    },
    "Missao": "Promover o estudo e a valorização da linguística entre estudantes do ensino médio, incentivando o desenvolvimento de habilidades analíticas e críticas em relação à linguagem.",
    "Visao": "Tornar-se um espaço de referência nacional na promoção do conhecimento linguístico e na descoberta de talentos na área, contribuindo para a formação de cidadãos críticos e conscientes.",
    "Valores": [
        "Educação",
        "Inclusão",
        "Diversidade",
        "Rigor Acadêmico"
    ],
    "FormasIngresso": "A participação na Olimpíada Brasileira de Linguística é aberta a todos os estudantes regularmente matriculados no ensino médio em escolas públicas ou privadas.",
    "ProcessoSeletivoData": "Inscrições até 25/09",
    "Endereco": "Instituto de Letras - Universidade Federal do Rio de Janeiro (UFRJ), Av. Horácio Macedo, 2151, Cidade Universitária",
    "Cidade": "Rio de Janeiro",
    "Estado": "RJ",
    "Diferenciais": "A OBL oferece material de estudo gratuito, cursos online e presenciais, além de oportunidades de participação em eventos e projetos relacionados à linguística."
}