{
    "Nome": "Olimpíada Brasileira de Matemática (OBM)",
    "AreaAtuacao": "Educação, promoção da Matemática e desenvolvimento do raciocínio lógico",
    "Descricao": "A Olimpíada Brasileira de Matemática é uma competição acadêmica que busca estimular o interesse dos estudantes do ensino médio pela Matemática, desafiando-os a resolver problemas complexos e aprimorar suas habilidades matemáticas.",
    "ContatoEmail": "contato@obm.org.br",
    "ContatoTelefone": "Não informado",
    "ContatoSite": "www.obm.org.br",
    "RedesSociais": {
        "Facebook": "OlimpiadaBrasileiradeMatematica",
        "Instagram": "https://www.instagram.com/obm_oficial/"
    },
    "Missao": "Promover o estudo da Matemática entre os estudantes do ensino médio, incentivando o desenvolvimento do raciocínio lógico e das habilidades de resolução de problemas.",
    "Visao": "Tornar-se referência nacional na promoção da Matemática, contribuindo para a formação de estudantes mais preparados e competitivos em nível nacional e internacional.",
    "Valores": [
        "Excelência",
        "Desafio",
        "Inovação",
        "Colaboração",
        "Inclusão"
    ],
    "FormasIngresso": "Inscrição através do site oficial da OBM",
    "ProcessoSeletivoData": "Null",
    "Endereco": "Não aplicável (competição online)",
    "Cidade": "Não aplicável",
    "Estado": "Não aplicável",
    "Diferenciais": "Reconhecimento nacional e oportunidade de representar o Brasil em olimpíadas internacionais de Matemática. Estímulo ao raciocínio lógico e desenvolvimento de habilidades analíticas. Certificados de participação e premiações para os destaques.",
    "CursosOferecidos": "Não aplicável",
    "ProcessoSeletivoDetalhes": "Prova teórica composta por questões desafiadoras e criativas, que testam o conhecimento e a habilidade dos participantes em resolver problemas matemáticos."
}