{
    "Nome": "Olimpíada Brasileira de Matemática das Escolas Públicas (OBMEP)",
    "AreaAtuacao": "Competições e Estudos em Matemática para Estudantes do Ensino Fundamental e Médio de Escolas Públicas",
    "Descricao": "A Olimpíada Brasileira de Matemática das Escolas Públicas (OBMEP) é uma competição anual que tem como objetivo estimular o estudo da matemática entre estudantes das escolas públicas brasileiras, contribuindo para a melhoria do ensino dessa disciplina no país.",
    "ContatoEmail": "contato@obmep.org.br",
    "ContatoTelefone": "Não informado",
    "ContatoSite": "www.obmep.org.br",
    "RedesSociais": {
        "Facebook": "https://www.facebook.com/obmep.oficial/",
        "Twitter": "https://twitter.com/obmep",
        "Instagram": "https://www.instagram.com/obmep.oficial/"
    },
    "Missao": "Promover o estudo e o interesse pela matemática entre estudantes das escolas públicas, incentivando a formação de uma nova geração de profissionais qualificados nessa área.",
    "Visao": "Tornar-se um dos principais agentes na promoção da educação matemática no Brasil, contribuindo para o desenvolvimento socioeconômico do país.",
    "Valores": [
        "Excelência",
        "Inclusão",
        "Diversidade",
        "Impacto Social"
    ],
    "FormasIngresso": "A participação na OBMEP é aberta a todos os estudantes regularmente matriculados no ensino fundamental e médio de escolas públicas.",
    "ProcessoSeletivoData": "Null",
    "Endereco": "Instituto de Matemática Pura e Aplicada (IMPA), Estrada Dona Castorina, 110, Jardim Botânico",
    "Cidade": "Rio de Janeiro",
    "Estado": "RJ",
    "Diferenciais": "A OBMEP oferece premiações em diversas categorias e níveis de desempenho, além de oportunidades de participação em programas de incentivo ao estudo da matemática.",
    "CursosOferecidos": "Não aplicável",
    "ProcessoSeletivoDetalhes": "Fechado"
}