{
    "Nome": "Olimpíada Brasileira de Química (OBQ)",
    "AreaAtuacao": "Competições e Estudos em Química para Estudantes do Ensino Médio",
    "Descricao": "A Olimpíada Brasileira de Química (OBQ) é uma competição anual que tem como objetivo promover o estudo e o interesse pela química entre estudantes do ensino médio, estimulando a formação de uma nova geração de cientistas e profissionais qualificados nessa área. A instituição oferece material de estudo gratuito, cursos preparatórios e oportunidades de participação em eventos científicos e projetos de pesquisa.",
    "ContatoEmail": "contato@obquimica.org",
    "ContatoTelefone": "Não fornecido",
    "ContatoSite": "www.obquimica.org",
    "RedesSociais": {
        "Facebook": "https://www.facebook.com/OlimpiadaBrasileiraDeQuimica/",
        "Twitter": "https://twitter.com/obquimica",
        "Instagram": "https://www.instagram.com/obquimica/"
    },
    "Missao": "Promover o estudo e o interesse pela química entre estudantes do ensino médio, incentivando a formação de uma sociedade mais consciente e engajada com questões científicas.",
    "Visao": "Tornar-se referência nacional na promoção do conhecimento químico e na descoberta de talentos na área, contribuindo para o desenvolvimento tecnológico e social do país.",
    "Valores": [
        "Educação",
        "Pesquisa",
        "Inovação",
        "Sustentabilidade"
    ],
    "FormasIngresso": "A participação na OBQ é aberta a todos os estudantes regularmente matriculados no ensino médio.",
    "ProcessoSeletivoData": "Inscrições até 20/05",
    "Endereco": "Departamento de Química - Universidade Federal de São Carlos (UFSCar), Rodovia Washington Luís, km 235",
    "Cidade": "São Carlos",
    "Estado": "SP",
    "Diferenciais": "Material de estudo gratuito, cursos preparatórios e oportunidades de participação em eventos científicos e projetos de pesquisa"
}