{
    "Nome": "Olimpíada Brasileira de Química Júnior (OBJQ)",
    "AreaAtuacao": "Competições e Estudos em Química para Estudantes do Ensino Fundamental",
    "Descricao": "A Olimpíada Brasileira de Química Júnior (OBJQ) é uma competição anual voltada para estudantes do ensino fundamental, que visa despertar o interesse pela química desde cedo, estimulando a curiosidade científica e o desenvolvimento de habilidades investigativas. A instituição oferece material de estudo adaptado para o público infantil, atividades lúdicas e experimentos simples, além de premiações e reconhecimento para os participantes.",
    "ContatoEmail": "contato@objquimica.org.br",
    "ContatoTelefone": "Não fornecido",
    "ContatoSite": "www.objquimica.org.br",
    "RedesSociais": {
        "Facebook": "https://www.facebook.com/OlimpiadaBrasileiraDeQuimicaJunior/",
        "Twitter": "https://twitter.com/objquimicajr",
        "Instagram": "https://www.instagram.com/objquimicajr/"
    },
    "Missao": "Promover o estudo e o interesse pela química entre estudantes do ensino fundamental, contribuindo para a formação de uma nova geração de cientistas e cidadãos conscientes.",
    "Visao": "Tornar-se referência nacional na promoção do conhecimento químico entre estudantes do ensino fundamental, estimulando a participação ativa na construção de uma sociedade mais sustentável.",
    "Valores": [
        "Educação",
        "Inclusão",
        "Descoberta",
        "Diversão"
    ],
    "FormasIngresso": "A participação na OBJQ é aberta a todos os estudantes regularmente matriculados no ensino fundamental",
    "ProcessoSeletivoData": "Null",
    "Endereco": "Departamento de Química - Universidade Estadual de Campinas (UNICAMP), Rua Sérgio Buarque de Holanda, 777",
    "Cidade": "Campinas",
    "Estado": "SP",
    "Diferenciais": "Oferece material de estudo adaptado para o público infantil, atividades lúdicas e experimentos simples, além de premiações e reconhecimento para os participantes.",
    "CursosOferecidos": "Não aplicável",
    "ProcessoSeletivoDetalhes": "Os participantes se inscrevem através do site oficial da OBJQ e são submetidos a uma prova que avalia seus conhecimentos e habilidades em química."
}