{
    "Nome": "Olimpíada Brasileira de Robótica (OBR)",
    "AreaAtuacao": "Competições e Estudos em Robótica para Estudantes do Ensino Fundamental e Médio",
    "Descricao": "A Olimpíada Brasileira de Robótica (OBR) é uma competição anual que tem como objetivo estimular o estudo e o interesse pela robótica entre estudantes do ensino fundamental e médio, promovendo a difusão de conhecimentos e o desenvolvimento de habilidades tecnológicas.",
    "ContatoEmail": "contato@obr.org.br",
    "ContatoTelefone": "Não informado",
    "ContatoSite": "www.obr.org.br",
    "RedesSociais": {
        "Facebook": "https://www.facebook.com/OBRoficial/",
        "Twitter": "https://twitter.com/OBRoficial",
        "Instagram": "https://www.instagram.com/obroficial/"
    },
    "Missao": "Promover o estudo e o interesse pela robótica entre estudantes brasileiros, incentivando a formação de uma nova geração de profissionais e pesquisadores na área de tecnologia.",
    "Visao": "Tornar-se referência nacional na promoção da robótica educacional, contribuindo para o desenvolvimento socioeconômico do país através da inovação tecnológica.",
    "Valores": [
        "Educação",
        "Criatividade",
        "Colaboração",
        "Empreendedorismo"
    ],
    "FormasIngresso": "A participação na OBR é aberta a todos os estudantes regularmente matriculados no ensino fundamental e médio.",
    "ProcessoSeletivoData": "Junho/2024",
    "Endereco": "Departamento de Engenharia Mecânica - Universidade de São Paulo (USP), Av. Prof. Mello Moraes, 2231",
    "Cidade": "São Paulo",
    "Estado": "SP",
    "Diferenciais": "A OBR oferece material de estudo gratuito, workshops, palestras e oportunidades de intercâmbio para os participantes.",
    "CursosOferecidos": "Não se aplica",
    "ProcessoSeletivoDetalhes": "Os participantes se inscrevem através do site oficial da OBR e são submetidos a uma série de desafios práticos que avaliam suas habilidades em robótica."
}