{
    "Nome": "Olimpíada Brasileira de Saúde e Meio Ambiente (OBSMA)",
    "AreaAtuacao": "Competições e Estudos em Saúde e Meio Ambiente para Estudantes do Ensino Fundamental e Médio",
    "Descricao": "A Olimpíada Brasileira de Saúde e Meio Ambiente (OBSMA) é uma competição anual que tem como objetivo promover a conscientização e o estudo sobre questões relacionadas à saúde e ao meio ambiente entre estudantes do ensino fundamental e médio, estimulando a formação de uma consciência ambiental e sanitária.",
    "ContatoEmail": "obsma@fiocruz.br",
    "ContatoTelefone": "Não informado",
    "ContatoSite": "www.obsma.fiocruz.br",
    "RedesSociais": {
        "Facebook": "https://www.facebook.com/OlimpiadaBrasileiraDeSaudeeMeioAmbiente/",
        "Twitter": "https://twitter.com/OBSMAoficial",
        "Instagram": "https://www.instagram.com/obsmaoficial/"
    },
    "Missao": "Promover o estudo e a conscientização sobre questões de saúde e meio ambiente entre estudantes brasileiros, incentivando a adoção de hábitos saudáveis e práticas sustentáveis.",
    "Visao": "Tornar-se referência nacional na promoção da educação ambiental e sanitária, contribuindo para a construção de uma sociedade mais saudável e sustentável.",
    "Valores": [
        "Educação",
        "Sustentabilidade",
        "Saúde",
        "Conscientização"
    ],
    "FormasIngresso": "A participação na OBSMA é aberta a todos os estudantes regularmente matriculados no ensino fundamental e médio",
    "ProcessoSeletivoData": "Não informado",
    "Endereco": "Fundação Oswaldo Cruz (Fiocruz), Av. Brasil, 4365, Manguinhos",
    "Cidade": "Rio de Janeiro",
    "Estado": "RJ",
    "Diferenciais": "A OBSMA oferece material de estudo multidisciplinar, palestras, workshops e projetos de conscientização para os participantes, além de premiações e reconhecimento para os melhores projetos desenvolvidos.",
    "CursosOferecidos": "Não aplicável",
    "ProcessoSeletivoDetalhes": "Os participantes se inscrevem através do site oficial da OBSMA e são submetidos a uma prova que aborda temas relacionados à saúde e ao meio ambiente."
}