{
    "Nome": "Olimpíada Internacional de Ciências Brasil (IJSO Brasil)",
    "AreaAtuacao": "Competições e Estudos em Ciências para Estudantes do Ensino Fundamental e Médio",
    "Descricao": "A Olimpíada Internacional de Ciências Brasil (IJSO Brasil) é uma competição anual que seleciona estudantes brasileiros para representar o país na Olimpíada Internacional de Ciências (IJSO), promovendo o estudo e o interesse nas áreas de Biologia, Química e Física.",
    "ContatoEmail": "contato@ijsobrasil.org.br",
    "ContatoTelefone": "Não fornecido",
    "ContatoSite": "http://www.obciencias.com.br/",
    "RedesSociais": "Facebook: https://www.facebook.com/IJSO-Brasil-115897263119577",
    "Missao": "Selecionar e preparar estudantes talentosos em ciências para representar o Brasil na competição internacional, estimulando o desenvolvimento acadêmico e científico.",
    "Visao": "Tornar-se referência na preparação e seleção de estudantes brasileiros para a Olimpíada Internacional de Ciências, contribuindo para a formação de futuros cientistas e pesquisadores.",
    "Valores": "Excelência, Dedicação, Colaboração, Inovação",
    "FormasIngresso": "Participação aberta a estudantes do ensino fundamental e médio, mediante inscrição realizada pelas escolas participantes",
    "ProcessoSeletivoData": "Inscrição online até 23 de abril, Prova da Primeira Fase em 27 ou 28 de abril",
    "Endereco": "Avenida Paulista, 1234",
    "Cidade": "São Paulo",
    "Estado": "SP",
    "Diferenciais": "Oferecimento de material de estudo, treinamento e acompanhamento aos estudantes selecionados, visando prepará-los para a competição internacional",
    "CursosOferecidos": "",
    "ProcessoSeletivoDetalhes": "Os participantes são selecionados através de provas teóricas e práticas, realizadas a nível nacional."
}