{
    "Nome": "Olimpíada Nacional de Ciências (ONC)",
    "AreaAtuacao": "Biologia, Física, Química e Astronomia",
    "Descricao": "A Olimpíada Nacional de Ciências (ONC) é uma competição anual que visa estimular o estudo e o interesse nas áreas de Biologia, Física, Química e Astronomia entre estudantes do ensino médio, promovendo a popularização da ciência.",
    "ContatoEmail": "contato@onciencias.org",
    "ContatoTelefone": "Não informado",
    "ContatoSite": "www.onciencias.org",
    "RedesSociais": "Facebook: https://www.facebook.com/OlimpiadaNacionaldeCiencias",
    "Missao": "Estimular o interesse e o estudo das ciências entre estudantes brasileiros do ensino médio, contribuindo para a formação de uma cultura científica no país.",
    "Visao": "Tornar-se referência nacional na promoção do estudo das ciências, incentivando a participação de jovens talentos em competições científicas.",
    "Valores": "Educação, Inovação, Colaboração, Excelência",
    "FormasIngresso": "A participação na ONC é aberta a estudantes do ensino médio de escolas públicas e privadas, mediante inscrição realizada pelas escolas participantes.",
    "ProcessoSeletivoData": "Inscrições de 01/04 até 10/08/2024 (Através do site)",
    "Endereco": "Null",
    "Cidade": "Não informado",
    "Estado": "Não informado",
    "Diferenciais": "A ONC oferece material de estudo gratuito, cursos preparatórios e oportunidades de participação em eventos científicos para os estudantes selecionados.",
    "CursosOferecidos": "Não aplicável",
    "ProcessoSeletivoDetalhes": "Os participantes são selecionados através de uma prova teórica, abordando conhecimentos das disciplinas de Biologia, Física, Química e Astronomia."
}