{
    "Nome": "Pontifícia Universidade Católica de São Paulo (PUC-SP)",
    "AreaAtuacao": "Ensino Superior",
    "Descricao": "A PUC-SP é uma instituição de ensino superior privada com mais de 75 anos de tradição, reconhecida pela excelência acadêmica e compromisso com os valores humanistas. Oferece uma ampla variedade de cursos de graduação, pós-graduação e extensão em diversas áreas do conhecimento.",
    "ContatoEmail": "secretaria@pucsp.br",
    "ContatoTelefone": "Não informado",
    "ContatoSite": "www.pucsp.br",
    "RedesSociais": "Não informado",
    "Missao": "Promover a educação integral e a produção do conhecimento, inspirada nos valores do humanismo cristão, visando à formação de cidadãos éticos e comprometidos com a transformação social.",
    "Visao": "Ser reconhecida nacional e internacionalmente como uma universidade de excelência, comprometida com a produção e difusão do saber, a promoção da justiça social e o desenvolvimento sustentável.",
    "Valores": "Ética, solidariedade, responsabilidade social, compromisso com a qualidade acadêmica e a busca pelo conhecimento.",
    "FormasIngresso": "Vestibular, ENEM, transferência externa e segunda graduação.",
    "ProcessoSeletivoData": "23/04",
    "Endereco": "Rua Monte Alegre, 984",
    "Cidade": "São Paulo",
    "Estado": "SP",
    "Diferenciais": "Infraestrutura moderna, corpo docente qualificado, integração entre teoria e prática, projetos de extensão comunitária, intercâmbio internacional, programas de bolsas de estudo e incentivo à pesquisa.",
    "CursosOferecidos": {
        "Graduação": [
            "Administração",
            "Direito",
            "Comunicação Social (Jornalismo, Publicidade e Propaganda, Relações Públicas)",
            "Psicologia",
            "Ciências Sociais",
            "Engenharia (Civil, Elétrica, Mecânica, de Produção)",
            "Arquitetura e Urbanismo",
            "Filosofia",
            "Letras",
            "Ciências Econômicas",
            "outros"
        ],
        "Pós-graduação": [
            "Mestrados",
            "Doutorados",
            "Especializações",
            "MBAs"
        ]
    },
    "ProcessoSeletivoDetalhes": "O processo seletivo da PUC-SP é aberto anualmente, com diferentes formas de ingresso disponíveis como vestibular, ENEM, transferência externa e segunda graduação. A data importante para a inscrição é 23/04."
}