{
    "Nome": "Pontifícia Universidade Católica de Campinas (PUC Campinas)",
    "AreaAtuacao": "Educação em diversas áreas do conhecimento",
    "Descricao": "A Pontifícia Universidade Católica de Campinas (PUC Campinas) é uma instituição de ensino superior localizada em Campinas, São Paulo, Brasil. Com uma missão de educar e formar profissionais éticos e comprometidos com a transformação social, a PUC Campinas busca ser reconhecida nacional e internacionalmente pela excelência acadêmica. Seus valores incluem inovação, excelência, empreendedorismo, integridade, responsabilidade social e ambiental. A instituição oferece diversos cursos de graduação e pós-graduação em áreas como Engenharia, Tecnologia, Administração, entre outros, e conta com diferenciais como parcerias com empresas e instituições renomadas, laboratórios modernos, projetos de pesquisa e inovação, intercâmbio internacional, programas de bolsas de estudo e atividades extracurriculares.",
    "ContatoEmail": "comunicacao@puc-campinas.edu.br",
    "ContatoTelefone": "Não informado",
    "ContatoSite": "http://www.puc-campinas.edu.br",
    "RedesSociais": "@puc_campinas (Instagram, Facebook, Twitter)",
    "Missao": "Educar e formar profissionais éticos e comprometidos com a transformação social.",
    "Visao": "Ser reconhecida nacional e internacionalmente pela excelência acadêmica.",
    "Valores": "Inovação, Excelência, Empreendedorismo, Integridade, Responsabilidade Social e Ambiental.",
    "FormasIngresso": "Vestibular tradicional, Enem, transferência externa e segunda graduação",
    "ProcessoSeletivoData": "Null",
    "Endereco": "Avenida John Boyd Dunlop, s/n - Jardim Ipaussurama",
    "Cidade": "Campinas",
    "Estado": "São Paulo",
    "Diferenciais": "Parcerias com empresas e instituições renomadas, laboratórios modernos, projetos de pesquisa e inovação, intercâmbio internacional, programas de bolsas de estudo e atividades extracurriculares",
    "CursosOferecidos": "Diversos cursos de graduação e pós-graduação em áreas como Engenharia, Tecnologia, Administração, entre outros."
}