{
    "Nome": "Faculdade Santa Marcelina",
    "AreaAtuacao": "Educação em áreas artísticas e da saúde",
    "Descricao": "A Faculdade Santa Marcelina é uma instituição de ensino superior privada, fundada em 1929, com sede em São Paulo, Brasil. Reconhecida pela tradição e excelência no ensino de áreas artísticas e da saúde, a instituição oferece cursos de graduação, pós-graduação e extensão, formando profissionais capacitados e comprometidos com a ética e a qualidade em suas respectivas áreas de atuação.",
    "ContatoEmail": "atendimento@fasm.edu.br",
    "ContatoTelefone": "Não informado",
    "ContatoSite": "www.fasm.edu.br",
    "RedesSociais": "@faculdadesantamarcelina (Instagram, Facebook, Twitter)",
    "Missao": "Promover a formação integral do indivíduo, por meio de uma educação de qualidade, valorizando a cultura, a arte e a saúde, contribuindo para o desenvolvimento humano e social.",
    "Visao": "Ser reconhecida nacional e internacionalmente como uma referência em educação superior nas áreas artísticas e da saúde, pela excelência acadêmica, inovação e compromisso com a comunidade.",
    "Valores": "Excelência acadêmica, ética, valorização da arte e da cultura, responsabilidade social, sustentabilidade e compromisso com a qualidade de vida.",
    "FormasIngresso": "Vestibular tradicional, uso da nota do Enem, transferência externa e segunda graduação.",
    "ProcessoSeletivoData": {
        "PeriodoInscricao": "18/09/2023 a 02/02/2024",
        "DataExameOnline": "18/09/2023 a 05/02/2024",
        "InscricoesENEM": "18/09/2023 a 31/01/2024",
        "DivulgacaoResultado": "a partir de 18/09/2023"
    },
    "Endereco": "Rua Dr. Emílio Ribas, 89 - Perdizes",
    "Cidade": "São Paulo",
    "Estado": "SP",
    "Diferenciais": "Infraestrutura completa com ateliês, laboratórios especializados e clínicas de saúde, corpo docente altamente qualificado, parcerias com instituições e empresas do setor, projetos de extensão comunitária, intercâmbio internacional, programas de bolsas de estudo e atividades extracurriculares enriquecedoras.",
    "CursosOferecidos": {
        "Graduacao": [
            "Moda",
            "Artes Visuais",
            "Música",
            "Arquitetura e Urbanismo",
            "Design de Moda",
            "Enfermagem",
            "Fisioterapia",
            "Medicina"
        ],
        "PosGraduacao": [
            "Especializações e cursos de aperfeiçoamento nas áreas de Moda, Artes, Saúde e Gestão"
        ],
        "CursosExtensao": [
            "Workshops, cursos livres e programas de atualização profissional em diversas áreas artísticas e da saúde"
        ]
    },
    "ProcessoSeletivoDetalhes": "Processo seletivo aberto para diferentes formas de ingresso, com datas específicas para inscrição, exame online, uso da nota do Enem e divulgação dos resultados."
}