{
    "Instituicao": {
        "Nome": "Olimpíada Nacional em História do Brasil (ONHB)",
        "AreaAtuacao": "Competições e Estudos em História para Estudantes do Ensino Médio",
        "Descricao": "A Olimpíada Nacional em História do Brasil (ONHB) é uma competição anual que visa promover o estudo e o interesse pela história do Brasil entre estudantes do ensino médio, estimulando o desenvolvimento de habilidades de pesquisa e análise histórica.",
        "ContatoEmail": "contato@olimpiadadehistoria.com.br",
        "ContatoTelefone": "Não informado",
        "ContatoSite": "www.olimpiadadehistoria.com.br",
        "RedesSociais": "Facebook: https://www.facebook.com/OlimpiadaDeHistoria",
        "Missao": "Estimular o estudo e a reflexão sobre a história do Brasil entre estudantes do ensino médio, promovendo o desenvolvimento de uma consciência histórica crítica.",
        "Visao": "Tornar-se referência na promoção do estudo da história do Brasil, contribuindo para a formação de cidadãos conscientes e comprometidos com o conhecimento histórico.",
        "Valores": "Educação, Memória, Diversidade, Cidadania",
        "FormasIngresso": "A participação na ONHB é aberta a estudantes do ensino médio de escolas públicas e privadas, mediante inscrição realizada pelas escolas participantes.",
        "ProcessoSeletivoData": "Variam a cada edição, divulgadas no site oficial da ONHB",
        "Endereco": "Praça da História, 789",
        "Cidade": "Belo Horizonte",
        "Estado": "MG",
        "Diferenciais": "Oferece material de estudo gratuito, acesso a bibliotecas digitais e oportunidades de participação em eventos e projetos culturais relacionados à história do Brasil",
        "CursosOferecidos": null,
        "ProcessoSeletivoDetalhes": "Os participantes são selecionados através de uma prova online que avalia seus conhecimentos históricos e habilidades de interpretação."
    }
}