{
    "Nome": "Universidade Federal do ABC (UFABC)",
    "AreaAtuacao": "Educação superior, pesquisa científica, extensão comunitária",
    "Descricao": "A UFABC é uma instituição pública de ensino superior localizada em Santo André, São Paulo, Brasil. Seu foco está na formação de profissionais nas áreas de ciências e tecnologias, com ênfase na interdisciplinaridade, na inovação e no desenvolvimento sustentável. A universidade busca promover a formação integral de profissionais competentes e comprometidos com a transformação social por meio do ensino, pesquisa e extensão, com base na interdisciplinaridade e na excelência acadêmica.",
    "ContatoEmail": "comunicacao@ufabc.edu.br",
    "ContatoTelefone": "(11) 4996-0000",
    "ContatoSite": "www.ufabc.edu.br",
    "RedesSociais": "@ufabc.oficial (Instagram, Twitter, Facebook)",
    "Missao": "Promover a formação integral de profissionais competentes e comprometidos com a transformação social, por meio do ensino, pesquisa e extensão, com base na interdisciplinaridade e na excelência acadêmica.",
    "Visao": "Ser reconhecida nacional e internacionalmente como uma universidade de excelência em ensino, pesquisa e extensão, contribuindo para o avanço científico, tecnológico e social.",
    "Valores": "Ética, excelência, inclusão, compromisso social, sustentabilidade",
    "FormasIngresso": "Vestibular, Sisu, Enem, transferência, programas de mobilidade acadêmica",
    "ProcessoSeletivoData": "Aberto, Via Sisu",
    "Endereco": "Avenida dos Estados, 5001 - Bairro Santa Terezinha",
    "Cidade": "Santo André",
    "Estado": "São Paulo",
    "Diferenciais": "Modelo acadêmico inovador, forte integração entre ensino, pesquisa e extensão, parcerias com instituições de pesquisa e empresas",
    "CursosOferecidos": [
        "Bacharelado em Ciência e Tecnologia",
        "Bacharelado em Ciências Biológicas",
        "Bacharelado em Ciências da Computação",
        "Bacharelado em Ciências e Humanidades",
        "Bacharelado em Ciências Econômicas",
        "Bacharelado em Filosofia",
        "Bacharelado em Física",
        "Bacharelado em Matemática",
        "Bacharelado em Química",
        "Engenharia Ambiental e Urbana",
        "Engenharia Biomédica",
        "Engenharia de Energia",
        "Engenharia de Instrumentação, Automação e Robótica",
        "Engenharia de Informação",
        "Engenharia de Materiais",
        "Engenharia de Bioinformática",
        "Engenharia de Bioprocessos e Biotecnologia",
        "Engenharia de Gestão",
        "Engenharia de Manufatura",
        "Engenharia Aeroespacial",
        "Engenharia de Telecomunicações",
        "Engenharia Elétrica",
        "Engenharia Mecânica",
        "Engenharia Mecatrônica",
        "Engenharia de Polímeros"
    ],
    "ProcessoSeletivoDetalhes": "O processo seletivo da UFABC ocorre via Sisu e está aberto para as diversas formas de ingresso disponíveis."
}