{
    "Nome": "Universidade Federal do Acre (UFAC)",
    "AreaAtuacao": "Educação superior, pesquisa científica, extensão comunitária",
    "Descricao": "A UFAC é uma instituição pública de ensino superior comprometida com a formação de profissionais qualificados e a produção de conhecimento científico e tecnológico, contribuindo para o desenvolvimento sustentável do Acre e da Amazônia.",
    "ContatoEmail": "comunicacao@ufac.br",
    "ContatoTelefone": "(68) 3901-2500",
    "ContatoSite": "www.ufac.br",
    "RedesSociais": "@ufac.oficial (Instagram, Twitter, Facebook)",
    "Missao": "Promover a educação de qualidade, a pesquisa e a extensão, com responsabilidade social e ambiental, visando ao desenvolvimento humano e regional.",
    "Visao": "Ser reconhecida como uma universidade de excelência acadêmica e referência na produção de conhecimento voltado para as demandas da Amazônia.",
    "Valores": "Ética, excelência, inclusão, compromisso social, sustentabilidade",
    "FormasIngresso": "Vestibular, Sisu, Enem, transferência, programas de mobilidade acadêmica",
    "ProcessoSeletivoData": "Via Sisu",
    "Endereco": "BR 364, Km 04, s/n - Distrito Industrial, Rio Branco - AC, 69920-900",
    "Cidade": "Rio Branco",
    "Estado": "Acre",
    "Diferenciais": "Programas de pesquisa em biodiversidade amazônica, laboratórios de ciências ambientais, projetos de extensão com comunidades ribeirinhas",
    "CursosOferecidos": [
        "Administração",
        "Agronomia",
        "Ciências Biológicas",
        "Ciências da Computação",
        "Direito",
        "Educação Física",
        "Engenharia Civil",
        "Engenharia de Produção",
        "Geografia",
        "História",
        "Letras",
        "Matemática",
        "Medicina",
        "Pedagogia",
        "Química"
    ],
    "ProcessoSeletivoDetalhes": "Aberto"
}