{
    "Nome": "Universidade Federal de Alagoas (UFAL)",
    "AreaAtuacao": "Educação Superior, Pesquisa e Extensão",
    "Descricao": "A UFAL é uma instituição pública de ensino superior localizada em Maceió, Alagoas. Fundada em 1961, tem como missão promover a formação integral de cidadãos críticos, éticos e comprometidos com a transformação social, por meio do ensino, pesquisa e extensão de qualidade. Oferece uma ampla gama de cursos de graduação em diversas áreas.",
    "ContatoEmail": "ufal@ufal.br",
    "ContatoSite": "www.ufal.br",
    "RedesSociais": "@ufaloficial (Twitter, Facebook, Instagram)",
    "Missao": "Promover a formação integral de cidadãos críticos, éticos e comprometidos com a transformação social, por meio do ensino, pesquisa e extensão de qualidade.",
    "Visao": "Ser reconhecida como uma universidade de excelência acadêmica, que contribui de forma significativa para o desenvolvimento humano, social, cultural e econômico de Alagoas e do Brasil.",
    "Valores": "A UFAL pauta-se pelos valores da excelência acadêmica, ética, inclusão, diversidade, compromisso social, sustentabilidade e autonomia universitária.",
    "FormasIngresso": "SISU",
    "ProcessoSeletivoData": "Aberto, Via SISU",
    "Endereco": "Maceió, Alagoas, Brasil",
    "Cidade": "Maceió",
    "Estado": "Alagoas",
    "Diferenciais": "Infraestrutura moderna, corpo docente qualificado, forte inserção na comunidade, parcerias com empresas e instituições de pesquisa, programas de assistência estudantil e atividades extracurriculares enriquecedoras.",
    "CursosOferecidos": [
        "Administração",
        "Agronomia",
        "Arquitetura e Urbanismo",
        "Biomedicina",
        "Ciência da Computação",
        "Ciências Biológicas",
        "Ciências Contábeis",
        "Ciências Econômicas",
        "Ciências Sociais",
        "Design de Moda",
        "Direito",
        "Educação Física",
        "Enfermagem",
        "Engenharia Civil",
        "Engenharia Elétrica",
        "Engenharia Mecânica",
        "Farmácia",
        "Filosofia",
        "Física",
        "Geografia",
        "Geologia",
        "História",
        "Jornalismo",
        "Letras - Português, Inglês, Espanhol",
        "Matemática",
        "Medicina",
        "Nutrição",
        "Odontologia",
        "Pedagogia",
        "Psicologia",
        "Química",
        "Relações Internacionais",
        "Serviço Social",
        "Turismo"
    ],
    "ProcessoSeletivoDetalhes": "O processo seletivo para ingresso na UFAL é realizado através do Sistema de Seleção Unificada (SISU), que utiliza a nota do Exame Nacional do Ensino Médio (ENEM) como critério de seleção."
}