{
    "Nome": "Universidade Federal do Amazonas (UFAM)",
    "AreaAtuacao": "Educação superior, pesquisa científica, extensão comunitária",
    "Descricao": "A UFAM é uma instituição pública de ensino superior comprometida com a formação de profissionais qualificados e a produção de conhecimento científico e tecnológico, contribuindo para o desenvolvimento sustentável da Amazônia e do Brasil.",
    "ContatoEmail": "comunicacao@ufam.edu.br",
    "ContatoTelefone": "(92) 3305-1181",
    "ContatoSite": "www.ufam.edu.br",
    "RedesSociais": "@ufam.oficial (Instagram, Twitter, Facebook)",
    "Missao": "Promover a educação de qualidade, a pesquisa e a extensão, com compromisso ético, social e ambiental, visando ao desenvolvimento humano e regional.",
    "Visao": "Ser reconhecida como uma universidade de excelência acadêmica e referência na produção de conhecimento voltado para as demandas da Amazônia.",
    "Valores": "Ética, excelência, inclusão, compromisso social, sustentabilidade",
    "FormasIngresso": "Vestibular, Sisu, Enem, transferência, programas de mobilidade acadêmica",
    "ProcessoSeletivoData": "Via Sisu",
    "Endereco": "Av. General Rodrigo Otávio, 3000 - Coroado",
    "Cidade": "Manaus",
    "Estado": "AM",
    "Diferenciais": "Programas de pesquisa em biodiversidade amazônica, laboratórios de ciências ambientais, parcerias com instituições de pesquisa internacionais",
    "CursosOferecidos": [
        "Administração",
        "Agronomia",
        "Arquitetura e Urbanismo",
        "Biologia",
        "Ciências Contábeis",
        "Ciências da Computação",
        "Direito",
        "Educação Física",
        "Enfermagem",
        "Engenharia Civil",
        "Física",
        "Geografia",
        "História",
        "Letras",
        "Matemática",
        "Medicina",
        "Odontologia",
        "Química"
    ],
    "ProcessoSeletivoDetalhes": "O processo seletivo para ingresso na UFAM é realizado via Sisu, com diferentes formas de ingresso disponíveis, como vestibular, Enem, transferência e programas de mobilidade acadêmica."
}