{
    "Nome": "Universidade Federal do Agreste de Pernambuco (UFAPE)",
    "AreaAtuacao": "Educação superior, pesquisa científica, extensão comunitária",
    "Descricao": "A UFAPE é uma instituição pública de ensino superior comprometida com a formação de profissionais qualificados, a produção de conhecimento e o desenvolvimento regional, promovendo a inclusão social e a sustentabilidade.",
    "ContatoEmail": "comunicacao@ufape.edu.br",
    "ContatoTelefone": "(87) 3764-5500",
    "ContatoSite": "www.ufape.edu.br",
    "RedesSociais": "@ufape.oficial (Instagram, Twitter, Facebook)",
    "Missao": "Promover a educação superior, a pesquisa e a extensão, com qualidade e relevância social, visando ao desenvolvimento humano e regional.",
    "Visao": "Ser reconhecida nacional e internacionalmente como uma universidade de excelência em ensino, pesquisa e extensão, comprometida com a promoção da cidadania, da diversidade e da sustentabilidade.",
    "Valores": "Ética, excelência, inclusão, compromisso social, sustentabilidade",
    "FormasIngresso": "Vestibular, Sisu, Enem, transferência, programas de mobilidade acadêmica",
    "ProcessoSeletivoData": "Aberto, Via Sisu",
    "Endereco": "Rodovia BR 423, km 106 - Boa Vista",
    "Cidade": "Garanhuns",
    "Estado": "Pernambuco",
    "Diferenciais": "Foco na interdisciplinaridade, integração com a comunidade, atuação em projetos de desenvolvimento regional",
    "CursosOferecidos": [
        "Administração",
        "Agronomia",
        "Biotecnologia",
        "Ciência da Computação",
        "Ciências Biológicas",
        "Ciências Econômicas",
        "Ciências Sociais",
        "Engenharia Ambiental e Sanitária",
        "Engenharia Civil",
        "Engenharia de Alimentos",
        "Engenharia de Software",
        "Engenharia Elétrica",
        "Engenharia Mecânica",
        "Engenharia Química",
        "Geografia",
        "História",
        "Letras",
        "Matemática",
        "Pedagogia",
        "Química",
        "Zootecnia"
    ],
    "ProcessoSeletivoDetalhes": "O processo seletivo está aberto e ocorre via Sisu."
}