{
    "Nome": "Universidade Federal da Bahia (UFBA)",
    "AreaAtuacao": "Educação superior, pesquisa e extensão",
    "Descricao": "A UFBA é uma das maiores e mais renomadas instituições de ensino superior do Brasil. Com uma história rica e diversificada, a UFBA oferece uma ampla gama de cursos de graduação, pós-graduação e programas de pesquisa e extensão, contribuindo significativamente para o desenvolvimento cultural, científico e socioeconômico da Bahia e do país.",
    "ContatoEmail": "ufba@ufba.br",
    "ContatoTelefone": "Não informado",
    "ContatoSite": "www.ufba.br",
    "RedesSociais": "@UFBAOficial (Twitter, Facebook, Instagram)",
    "Missao": "Promover a produção e disseminação do conhecimento científico, cultural e tecnológico, por meio do ensino, pesquisa e extensão, visando à formação integral dos indivíduos e o desenvolvimento sustentável da sociedade.",
    "Visao": "Ser reconhecida nacional e internacionalmente como uma instituição de excelência em ensino, pesquisa e extensão, comprometida com a transformação social e o fortalecimento da cidadania.",
    "Valores": "Diversidade, inclusão, excelência acadêmica, ética, compromisso social, sustentabilidade, democracia e autonomia universitária",
    "FormasIngresso": "Através do Sistema de Seleção Unificada (SISU), vestibular e outros programas de acesso específicos",
    "ProcessoSeletivoData": "Sisu",
    "Endereco": "Avenida Reitor Miguel Calmon, s/n - Vale do Canela",
    "Cidade": "Salvador",
    "Estado": "Bahia",
    "Diferenciais": "Tradição acadêmica, qualidade dos cursos, corpo docente altamente qualificado, produção científica de alto impacto e forte integração com a comunidade",
    "CursosOferecidos": [
        "Administração",
        "Arquitetura e Urbanismo",
        "Biomedicina",
        "Ciências Biológicas",
        "Ciências Contábeis",
        "Direito",
        "Educação Física",
        "Engenharia Civil",
        "Engenharia Elétrica",
        "Farmácia",
        "Filosofia",
        "Geografia",
        "História",
        "Jornalismo",
        "Letras",
        "Medicina",
        "Nutrição",
        "Odontologia",
        "Psicologia",
        "Química",
        "Relações Internacionais",
        "Serviço Social"
    ],
    "ProcessoSeletivoDetalhes": "O processo seletivo é aberto e as datas são divulgadas especificamente para o SISU."
}