{
    "Nome": "Universidade Federal do Ceará (UFC)",
    "AreaAtuacao": "Educação superior, pesquisa científica, extensão comunitária",
    "Descricao": "A Universidade Federal do Ceará (UFC) é uma instituição pública de ensino superior reconhecida nacional e internacionalmente por sua excelência acadêmica e contribuição para o desenvolvimento regional e nacional. Possui como missão promover o ensino, a pesquisa e a extensão de qualidade, contribuindo para o desenvolvimento sustentável da sociedade. Sua visão é ser uma universidade de referência, comprometida com a formação integral de cidadãos e a produção de conhecimento inovador. Os valores da UFC são ética, excelência, inclusão, compromisso social e sustentabilidade.",
    "ContatoEmail": "comunicacao@ufc.br",
    "ContatoTelefone": "(85) 3366-7300",
    "ContatoSite": "www.ufc.br",
    "RedesSociais": "@ufc_oficial (Instagram, Twitter, Facebook)",
    "Missao": "Promover o ensino, a pesquisa e a extensão de qualidade, contribuindo para o desenvolvimento sustentável da sociedade.",
    "Visao": "Ser uma universidade de referência, comprometida com a formação integral de cidadãos e a produção de conhecimento inovador.",
    "Valores": "Ética, excelência, inclusão, compromisso social, sustentabilidade",
    "FormasIngresso": "Vestibular, Sisu, Enem, transferência, programas de mobilidade acadêmica",
    "ProcessoSeletivoData": "Aberto, Via Sisu",
    "Endereco": "Campus do Pici, Av. Mister Hull, s/n - Pici",
    "Cidade": "Fortaleza",
    "Estado": "Ceará",
    "Diferenciais": "Programas de intercâmbio internacional, infraestrutura de pesquisa avançada, parcerias com empresas e instituições de renome.",
    "CursosOferecidos": [
        "Administração",
        "Agronomia",
        "Arquitetura e Urbanismo",
        "Biomedicina",
        "Ciências Biológicas",
        "Ciências Contábeis",
        "Ciências da Computação",
        "Ciências Econômicas",
        "Design",
        "Direito",
        "Educação Física",
        "Enfermagem",
        "Engenharia Civil",
        "Engenharia de Computação",
        "Engenharia Elétrica",
        "Engenharia Mecânica",
        "Engenharia Química",
        "Farmácia",
        "Fisioterapia",
        "Geografia",
        "História",
        "Jornalismo",
        "Letras",
        "Matemática",
        "Medicina",
        "Medicina Veterinária",
        "Nutrição",
        "Odontologia",
        "Psicologia",
        "Química",
        "Serviço Social, entre outros"
    ],
    "ProcessoSeletivoDetalhes": "O processo seletivo para ingressar na UFC ocorre via Sisu, com diversas formas de ingresso disponíveis, como vestibular, Enem, transferência e programas de mobilidade acadêmica."
}