{
    "Nome": "Universidade Federal de Catalão (UFCat)",
    "AreaAtuacao": "Educação superior, pesquisa e extensão",
    "Descricao": "A UFCat é uma instituição pública de ensino superior comprometida com a excelência acadêmica e a promoção do desenvolvimento regional. Oferece cursos de graduação, pós-graduação e programas de pesquisa que abrangem diversas áreas do conhecimento, preparando profissionais qualificados para atender às demandas da sociedade.",
    "ContatoEmail": "ufcatal@ufg.br",
    "ContatoTelefone": "Não fornecido",
    "ContatoSite": "www.ufcatal.ufg.br",
    "RedesSociais": "@UFCatalOficial (Twitter, Facebook, Instagram)",
    "Missao": "Contribuir para o desenvolvimento regional e nacional por meio da formação de profissionais qualificados e da produção e disseminação do conhecimento.",
    "Visao": "Ser reconhecida como uma instituição de referência em educação, pesquisa e extensão, contribuindo para o desenvolvimento socioeconômico e cultural de Catalão e região.",
    "Valores": "Excelência acadêmica, ética, inclusão, compromisso com a comunidade e sustentabilidade.",
    "FormasIngresso": "Sistema de Seleção Unificada (SISU), vestibular e outros programas de acesso específicos",
    "ProcessoSeletivoData": "Aberto, via Enem",
    "Endereco": "Avenida Dr. Lamartine Pinto de Avelar, 1120 - Setor Universitário",
    "Cidade": "Catalão",
    "Estado": "Goiás",
    "Diferenciais": "Infraestrutura moderna, corpo docente qualificado, integração com setor produtivo local, oportunidades de estágio e pesquisa para os estudantes",
    "CursosOferecidos": [
        "Administração",
        "Agronomia",
        "Arquitetura e Urbanismo",
        "Ciências Biológicas",
        "Ciências Contábeis",
        "Direito",
        "Educação Física",
        "Engenharia Ambiental",
        "Engenharia Civil",
        "Engenharia de Produção",
        "Engenharia Elétrica",
        "Fisioterapia",
        "Medicina Veterinária",
        "Nutrição"
    ],
    "ProcessoSeletivoDetalhes": "O processo seletivo da UFCat é aberto e ocorre via Enem."
}