{
    "Nome": "Universidade Federal do Cariri (UFCA)",
    "AreaAtuacao": "Educação superior, pesquisa e extensão",
    "Descricao": "A UFCA é uma instituição pública de ensino superior localizada em Juazeiro do Norte, Ceará, Brasil. Seu objetivo é promover o desenvolvimento regional e a inclusão social por meio da educação, pesquisa e extensão.",
    "ContatoEmail": "ufca@ufca.br",
    "ContatoTelefone": "Não especificado",
    "ContatoSite": "www.ufca.edu.br",
    "RedesSociais": "@ufcaoficial (Twitter, Facebook, Instagram)",
    "Missao": "Contribuir para o desenvolvimento sustentável do Cariri, formando profissionais qualificados e produzindo conhecimento relevante para a sociedade.",
    "Visao": "Ser reconhecida como uma universidade de excelência acadêmica, comprometida com a transformação social e o desenvolvimento regional.",
    "Valores": "Qualidade acadêmica, ética, inclusão, compromisso social, sustentabilidade e inovação.",
    "FormasIngresso": "Aberto",
    "ProcessoSeletivoData": "Via Sisu",
    "Endereco": "Não especificado",
    "Cidade": "Juazeiro do Norte",
    "Estado": "Ceará",
    "Diferenciais": "Compromisso com a região do Cariri, oferta de cursos e projetos que atendem às demandas locais e promovem a valorização da cultura regional.",
    "CursosOferecidos": "Administração, Agronomia, Artes Visuais, Biologia, Ciência da Computação, Ciências Contábeis, Ciências Econômicas, Ciências Sociais, Design, Direito, Educação Física, Engenharia Civil, Engenharia de Produção, Engenharia Mecânica, Filosofia, Física, Geografia, História, Jornalismo, Letras - Língua Portuguesa, Letras - Língua Inglesa, Letras - Língua Espanhola, Matemática, Medicina, Pedagogia, Psicologia, Publicidade e Propaganda.",
    "ProcessoSeletivoDetalhes": "Processo seletivo aberto via Sisu. Datas e requisitos específicos devem ser consultados diretamente no site da instituição."
}