{
    "Nome": "Universidade Federal de Ciências da Saúde de Porto Alegre (UFCSPA)",
    "AreaAtuacao": "Educação superior, pesquisa científica, extensão comunitária",
    "Descricao": "A UFCSPA é uma instituição pública de ensino superior focada na formação de profissionais da área da saúde, comprometida com a excelência acadêmica, a produção de conhecimento e a promoção da saúde e do bem-estar da comunidade.",
    "ContatoEmail": "comunicacao@ufcspa.edu.br",
    "ContatoTelefone": "(51) 3303-8700",
    "ContatoSite": "www.ufcspa.edu.br",
    "RedesSociais": "@ufcspaoficial (Instagram, Twitter, Facebook)",
    "Missao": "Promover a educação de qualidade, a pesquisa e a extensão, com ética e responsabilidade social, visando à formação integral de profissionais da área da saúde e à melhoria das condições de vida da população.",
    "Visao": "Ser reconhecida nacional e internacionalmente como uma universidade de excelência em saúde, comprometida com a promoção da vida e da cidadania.",
    "Valores": "Ética, excelência, inclusão, compromisso social, promoção da vida",
    "FormasIngresso": "Vestibular, Sisu, Enem, transferência, programas de mobilidade acadêmica",
    "ProcessoSeletivoData": "Via Sisu",
    "Endereco": "R. Sarmento Leite, 245 - Centro Histórico",
    "Cidade": "Porto Alegre",
    "Estado": "Rio Grande do Sul",
    "Diferenciais": "Foco na área da saúde, hospital universitário próprio, integração entre teoria e prática",
    "CursosOferecidos": [
        "Biomedicina",
        "Educação Física",
        "Enfermagem",
        "Farmácia",
        "Fisioterapia",
        "Fonoaudiologia",
        "Gestão em Saúde",
        "Medicina",
        "Nutrição",
        "Psicologia",
        "Tecnologia em Radiologia"
    ],
    "ProcessoSeletivoDetalhes": "O processo seletivo é aberto e realizado através do Sisu, com datas específicas divulgadas pelo site."
}