{
    "Nome": "Universidade Federal do Delta do Parnaíba (UFDPar)",
    "AreaAtuacao": "Educação superior, pesquisa científica, extensão comunitária",
    "Descricao": "A UFDPar é uma instituição pública de ensino superior comprometida com a formação de profissionais qualificados, a produção de conhecimento e o desenvolvimento regional, promovendo a inclusão social e a sustentabilidade.",
    "ContatoEmail": "comunicacao@ufdpar.edu.br",
    "ContatoTelefone": "(86) 3323-5400",
    "ContatoSite": "www.ufdpar.edu.br",
    "RedesSociais": "@ufdparoficial (Instagram, Twitter, Facebook)",
    "Missao": "Promover a educação superior, a pesquisa e a extensão, com qualidade e relevância social, visando ao desenvolvimento humano e regional.",
    "Visao": "Ser reconhecida nacional e internacionalmente como uma universidade de excelência em ensino, pesquisa e extensão, comprometida com a promoção da cidadania, da diversidade e da sustentabilidade.",
    "Valores": "Ética, excelência, inclusão, compromisso social, sustentabilidade",
    "FormasIngresso": "Vestibular, Sisu, Enem, transferência, programas de mobilidade acadêmica",
    "ProcessoSeletivoData": "Aberto, Via Sisu",
    "Endereco": "R. Raimundo Parentes - Reis Veloso",
    "Cidade": "Parnaíba",
    "Estado": "Piauí",
    "Diferenciais": "Foco na interdisciplinaridade, integração com a comunidade, atuação em projetos de desenvolvimento regional",
    "CursosOferecidos": [
        "Administração",
        "Agronomia",
        "Ciências Biológicas",
        "Ciências Contábeis",
        "Ciências da Computação",
        "Ciências Sociais",
        "Direito",
        "Engenharia Civil",
        "Engenharia de Pesca",
        "Engenharia Elétrica",
        "Engenharia Mecânica",
        "Geografia",
        "História",
        "Letras",
        "Matemática",
        "Pedagogia",
        "Química"
    ],
    "ProcessoSeletivoDetalhes": "O processo seletivo é aberto e as inscrições são feitas via Sisu. Diferentes formas de ingresso são aceitas, incluindo vestibular, Enem, transferência e programas de mobilidade acadêmica."
}