{
    "Nome": "Universidade Federal Rural do Semi-Árido (UFERSA)",
    "AreaAtuacao": "Educação superior, pesquisa científica, extensão comunitária",
    "Descricao": "A UFERSA é uma instituição pública de ensino superior comprometida com o desenvolvimento do Semiárido brasileiro, através da formação de profissionais capacitados e da produção de conhecimento científico e tecnológico.",
    "ContatoEmail": "comunicacao@ufersa.edu.br",
    "ContatoTelefone": "(84) 3317-8200",
    "ContatoSite": "www.ufersa.edu.br",
    "RedesSociais": "@ufersa.oficial (Instagram, Twitter, Facebook)",
    "Missao": "Promover a educação de qualidade, a pesquisa e a extensão, com ênfase nas demandas do Semiárido, visando ao desenvolvimento sustentável e à inclusão social.",
    "Visao": "Ser reconhecida como uma universidade de excelência acadêmica e referência no desenvolvimento de soluções para os desafios do Semiárido.",
    "Valores": "Ética, excelência, inclusão, compromisso social, sustentabilidade",
    "FormasIngresso": "Vestibular, Sisu, Enem, transferência, programas de mobilidade acadêmica",
    "ProcessoSeletivoData": "Via Sisu",
    "Endereco": "Rua Francisco Mota, 572 - Presidente Costa e Silva",
    "Cidade": "Mossoró",
    "Estado": "Rio Grande do Norte",
    "Diferenciais": "Atuação focada nas demandas do Semiárido, projetos de pesquisa e extensão voltados para comunidades rurais, parcerias com instituições governamentais e não governamentais",
    "CursosOferecidos": [
        "Agronomia",
        "Ciência da Computação",
        "Ciências Biológicas",
        "Engenharia Civil",
        "Engenharia de Produção",
        "Engenharia Elétrica",
        "Medicina Veterinária",
        "Química"
    ],
    "ProcessoSeletivoDetalhes": "Processo seletivo aberto, com inscrições realizadas via Sisu"
}