{
    "Nome": "Universidade Federal do Espírito Santo (UFES)",
    "AreaAtuacao": "Educação superior, pesquisa científica, extensão comunitária",
    "Descricao": "A UFES é uma instituição pública de ensino superior comprometida com a formação de profissionais qualificados, a produção de conhecimento e o desenvolvimento regional, promovendo a inclusão social e a sustentabilidade.",
    "ContatoEmail": "comunicacao@ufes.br",
    "ContatoTelefone": "(27) 4009-2000",
    "ContatoSite": "www.ufes.br",
    "RedesSociais": "@ufesoficial (Instagram, Twitter, Facebook)",
    "Missao": "Promover a educação superior, a pesquisa e a extensão, com qualidade e relevância social, contribuindo para o desenvolvimento humano e regional.",
    "Visao": "Ser uma universidade de referência nacional e internacional em ensino, pesquisa e extensão, comprometida com a promoção da cidadania, da diversidade e da sustentabilidade.",
    "Valores": "Ética, excelência, inclusão, compromisso social, sustentabilidade.",
    "FormasIngresso": "Vestibular, Sisu, Enem, transferência, programas de mobilidade acadêmica",
    "ProcessoSeletivoData": "Aberto - Via Sisu",
    "Endereco": "Avenida Fernando Ferrari, 514 - Goiabeiras",
    "Cidade": "Vitória",
    "Estado": "Espírito Santo",
    "Diferenciais": "Foco na interdisciplinaridade, infraestrutura de pesquisa de ponta, integração com o setor produtivo e comunidade local",
    "CursosOferecidos": [
        "Administração",
        "Arquitetura e Urbanismo",
        "Artes Visuais",
        "Biologia",
        "Ciência da Computação",
        "Ciências Biológicas",
        "Ciências Contábeis",
        "Ciências Econômicas",
        "Direito",
        "Educação Física",
        "Enfermagem",
        "Engenharia Ambiental",
        "Engenharia Civil",
        "Engenharia de Produção",
        "Engenharia Elétrica",
        "Engenharia Mecânica",
        "Farmácia",
        "Filosofia",
        "Física",
        "Geografia",
        "História",
        "Letras",
        "Matemática",
        "Medicina",
        "Nutrição",
        "Odontologia",
        "Pedagogia",
        "Psicologia",
        "Química",
        "Serviço Social",
        "Turismo"
    ],
    "ProcessoSeletivoDetalhes": "O processo seletivo da UFES está aberto e as inscrições são realizadas via Sisu."
}