{
    "Nome": "Universidade Federal Fluminense (UFF)",
    "AreaAtuacao": "Educação superior, pesquisa científica, extensão comunitária",
    "Descricao": "A UFF é uma instituição pública de ensino superior comprometida com a formação de profissionais qualificados, a produção de conhecimento e o desenvolvimento socioeconômico e cultural da região fluminense e do país.",
    "ContatoEmail": "comunicacao@uff.br",
    "ContatoTelefone": "(21) 2629-2800",
    "ContatoSite": "www.uff.br",
    "RedesSociais": "@uff.oficial (Instagram, Twitter, Facebook)",
    "Missao": "Promover a educação de qualidade, a pesquisa e a extensão, com ética e responsabilidade social, visando ao desenvolvimento humano e regional.",
    "Visao": "Ser reconhecida nacional e internacionalmente como uma universidade de excelência em ensino, pesquisa e extensão, comprometida com a promoção da cidadania, da diversidade e da sustentabilidade.",
    "Valores": "Ética, excelência, inclusão, compromisso social, sustentabilidade",
    "FormasIngresso": "Vestibular, Sisu, Enem, transferência, programas de mobilidade acadêmica",
    "ProcessoSeletivoData": "Via Sisu",
    "Endereco": "Rua Miguel de Frias, 9 - Icaraí",
    "Cidade": "Niterói",
    "Estado": "Rio de Janeiro",
    "Diferenciais": "Foco na interdisciplinaridade, integração com a comunidade, localização privilegiada",
    "CursosOferecidos": [
        "Administração",
        "Arquitetura e Urbanismo",
        "Artes Cênicas",
        "Artes Visuais",
        "Biblioteconomia",
        "Biomedicina",
        "Ciência da Computação",
        "Ciências Atuariais",
        "Ciências Biológicas",
        "Ciências Contábeis",
        "Ciências Econômicas",
        "Ciências Sociais",
        "Cinema",
        "Comunicação Social",
        "Direito",
        "Educação Física",
        "Enfermagem",
        "Engenharia Ambiental",
        "Engenharia Civil",
        "Engenharia de Automação e Controle",
        "Engenharia de Bioprocessos",
        "Engenharia de Computação",
        "Engenharia de Controle e Automação",
        "Engenharia de Petróleo",
        "Engenharia de Produção",
        "Engenharia Elétrica",
        "Engenharia Mecânica",
        "Engenharia Metalúrgica",
        "Engenharia Química",
        "Estatística",
        "Farmácia",
        "Filosofia",
        "Física",
        "Fisioterapia",
        "Geografia",
        "Geologia",
        "História",
        "Letras",
        "Matemática",
        "Medicina",
        "Medicina Veterinária",
        "Nutrição",
        "Odontologia",
        "Pedagogia",
        "Psicologia",
        "Química",
        "Relações Internacionais",
        "Serviço Social",
        "Terapia Ocupacional",
        "Turismo"
    ],
    "ProcessoSeletivoDetalhes": "Aberto"
}