{
    "Nome": "Universidade Federal da Fronteira Sul (UFFS)",
    "AreaAtuacao": "Educação superior, pesquisa científica, extensão comunitária",
    "Descricao": "A UFFS é uma instituição pública de ensino superior comprometida com a formação de profissionais qualificados, a produção de conhecimento e o desenvolvimento regional, promovendo a inclusão social e a sustentabilidade.",
    "ContatoEmail": "comunicacao@uffs.edu.br",
    "ContatoTelefone": "(49) 2049-3200",
    "ContatoSite": "www.uffs.edu.br",
    "RedesSociais": "@uffs.oficial (Instagram, Twitter, Facebook)",
    "Missao": "Promover a educação superior, a pesquisa e a extensão, com qualidade e relevância social, visando ao desenvolvimento humano e regional.",
    "Visao": "Ser reconhecida nacional e internacionalmente como uma universidade de excelência em ensino, pesquisa e extensão, comprometida com a promoção da cidadania, da diversidade e da sustentabilidade.",
    "Valores": "Ética, excelência, inclusão, compromisso social, sustentabilidade.",
    "FormasIngresso": "Vestibular, Sisu, Enem, transferência, programas de mobilidade acadêmica",
    "ProcessoSeletivoData": "Via Sisu",
    "Endereco": "Rodovia SC 484, KM 02 - Fronteira Sul",
    "Cidade": "Chapecó",
    "Estado": "Santa Catarina",
    "Diferenciais": "Foco na interdisciplinaridade, integração com a comunidade, campus em região estratégica de fronteira.",
    "CursosOferecidos": [
        "Administração",
        "Agronomia",
        "Arquitetura e Urbanismo",
        "Ciências Biológicas",
        "Ciências Econômicas",
        "Ciências Sociais",
        "Computação",
        "Direito",
        "Educação Física",
        "Engenharia Ambiental e Energias Renováveis",
        "Engenharia de Alimentos",
        "Engenharia de Aquicultura",
        "Engenharia de Computação",
        "Engenharia de Materiais",
        "Engenharia de Produção",
        "Engenharia de Software",
        "Engenharia Elétrica",
        "Engenharia Mecânica",
        "Engenharia Química",
        "Geografia",
        "História",
        "Letras",
        "Matemática",
        "Medicina Veterinária",
        "Pedagogia",
        "Química",
        "Sistemas de Informação",
        "Zootecnia"
    ],
    "ProcessoSeletivoDetalhes": "Processo seletivo aberto, formas de ingresso variadas como Vestibular, Sisu, Enem, transferência e programas de mobilidade acadêmica."
}