{
    "Nome": "Universidade Federal de Goiás (UFG)",
    "AreaAtuacao": "Educação Superior e Pesquisa",
    "Descricao": "A Universidade Federal de Goiás destaca-se pela excelência acadêmica e contribuição para o desenvolvimento sustentável. Oferece diversos cursos de graduação, pós-graduação e extensão.",
    "ContatoEmail": "reitoria@ufg.br",
    "ContatoTelefone": "(62) 3521-1000",
    "ContatoSite": "https://www.ufg.br/",
    "RedesSociais": {
        "Facebook": "https://www.facebook.com/UFGOficial",
        "Twitter": "https://twitter.com/ufg_oficial",
        "Instagram": "https://www.instagram.com/ufgoficial"
    },
    "Missao": "Contribuir para o desenvolvimento socioeconômico e cultural por meio da educação, pesquisa e extensão.",
    "Visao": "Ser reconhecida nacional e internacionalmente pela excelência acadêmica e compromisso com a sustentabilidade.",
    "Valores": [
        "Ética",
        "excelência",
        "inclusão",
        "compromisso social",
        "sustentabilidade",
        "autonomia",
        "pluralidade",
        "responsabilidade socioambiental"
    ],
    "FormasIngresso": [
        "SiSU",
        "vestibular",
        "Programa de Avaliação Seriada (PAS)"
    ],
    "ProcessoSeletivoData": "Via Enem",
    "Endereco": "Praça Universitária, s/n - Setor Leste Universitário",
    "Cidade": "Goiânia",
    "Estado": "Goiás",
    "Diferenciais": {
        "Programas de internacionalização": "Oferece oportunidades de intercâmbio e parcerias acadêmicas com instituições estrangeiras.",
        "Inovação e pesquisa": "Investe em projetos de pesquisa aplicada e tecnológica com impacto na sociedade.",
        "Compromisso com a sustentabilidade": "Desenvolve iniciativas voltadas para a preservação do meio ambiente e a promoção da responsabilidade socioambiental."
    },
    "CursosOferecidos": [
        "Graduação",
        "Pós-graduação",
        "Extensão"
    ],
    "ProcessoSeletivoDetalhes": "Provas de conhecimentos gerais e específicos, redação"
}