{
    "Nome": "Universidade Federal da Grande Dourados (UFGD)",
    "AreaAtuacao": "Educação Superior e Pesquisa",
    "Descricao": "A UFGD destaca-se pela qualidade acadêmica e compromisso com o desenvolvimento regional. Oferece diversos cursos de graduação, pós-graduação e extensão.",
    "ContatoEmail": "reitoria@ufgd.edu.br",
    "ContatoTelefone": "(67) 3410-2000",
    "ContatoSite": "https://portal.ufgd.edu.br/",
    "RedesSociais": {
        "Facebook": "https://www.facebook.com/ufgdufms/",
        "Twitter": "https://twitter.com/ufgdufms",
        "Instagram": "https://www.instagram.com/ufgdoficial/"
    },
    "Missao": "Promover a excelência acadêmica, pesquisa e extensão, contribuindo para o desenvolvimento socioeconômico regional e a formação integral do cidadão.",
    "Visao": "Ser reconhecida nacionalmente como referência em educação, pesquisa e extensão.",
    "Valores": [
        "Compromisso com a ética",
        "excelência",
        "inclusão",
        "responsabilidade socioambiental",
        "autonomia",
        "pluralidade"
    ],
    "FormasIngresso": [
        "Vestibular",
        "SiSU",
        "programas específicos"
    ],
    "ProcessoSeletivoData": {
        "Inscricoes": "até 01/09",
        "Provas": "22/10"
    },
    "Endereco": "Rodovia Dourados-Itahum, Km 12, Cidade Universitária",
    "Cidade": "Dourados",
    "Estado": "MS",
    "Diferenciais": {
        "IntegracaoComunidade": "Desenvolve projetos de extensão que beneficiam diretamente a população local.",
        "CompromissoRegional": "Contribui significativamente para o desenvolvimento socioeconômico da região sul do Mato Grosso do Sul.",
        "AmbienteAcademico": "Valoriza o bem-estar e a integração dos estudantes, professores e funcionários."
    },
    "CursosOferecidos": [
        "Graduação",
        "Pós-graduação",
        "Extensão"
    ],
    "ProcessoSeletivoDetalhes": "O processo seletivo da UFGD envolve provas de conhecimentos gerais e específicos, além de redação. As datas importantes são as seguintes: Inscrições até 01/09 e Provas em 22/10."
}