{
    "Nome": "Universidade Federal de Jataí (UFJ)",
    "AreaAtuacao": "Educação superior, pesquisa e extensão",
    "Descricao": "A UFJ é uma instituição comprometida com a formação de profissionais qualificados e a produção de conhecimento científico e tecnológico. Oferece cursos de graduação, pós-graduação e programas de pesquisa e extensão que atendem às demandas da comunidade local e regional, contribuindo para o desenvolvimento socioeconômico sustentável.",
    "ContatoEmail": "ufj@ufg.br",
    "ContatoTelefone": "Não fornecido",
    "ContatoSite": "www.ufj.ufg.br",
    "RedesSociais": "@UFJOficial (Twitter, Facebook, Instagram)",
    "Missao": "Promover a educação de qualidade, a pesquisa científica e tecnológica e a extensão com responsabilidade social, contribuindo para o desenvolvimento sustentável da região.",
    "Visao": "Ser reconhecida como uma instituição de excelência em ensino, pesquisa e extensão, promovendo o desenvolvimento humano e socioambiental de Jataí e região.",
    "Valores": "Excelência acadêmica, ética, inclusão, compromisso com a comunidade e sustentabilidade.",
    "FormasIngresso": "SISU, vestibular e outros programas de acesso específicos",
    "ProcessoSeletivoData": "Sisu",
    "Endereco": "BR 364, Km 195, Zona Rural",
    "Cidade": "Jataí",
    "Estado": "Goiás",
    "Diferenciais": "Atuação interdisciplinar, parcerias com empresas locais e oportunidades de estágio e pesquisa para os estudantes.",
    "CursosOferecidos": [
        "Administração",
        "Agronomia",
        "Ciências Biológicas",
        "Ciências Contábeis",
        "Direito",
        "Educação Física",
        "Engenharia Civil",
        "Engenharia de Produção",
        "Engenharia Elétrica",
        "Medicina Veterinária",
        "Pedagogia"
    ],
    "ProcessoSeletivoDetalhes": "O processo seletivo para ingresso na UFJ ocorre por meio do SISU, vestibular e outros programas de acesso específicos. As datas importantes são referentes ao SISU."
}