{
    "Nome": "Universidade Federal de Juiz de Fora (UFJF)",
    "AreaAtuacao": "Educação superior, pesquisa científica, extensão comunitária",
    "Descricao": "A UFJF é uma instituição pública de ensino superior comprometida com a formação integral de cidadãos, a produção de conhecimento e a promoção do desenvolvimento regional e nacional.",
    "ContatoEmail": "comunicacao@ufjf.edu.br",
    "ContatoTelefone": "(32) 2102-3500",
    "ContatoSite": "www.ufjf.br",
    "RedesSociais": "@ufjf_oficial (Instagram, Twitter, Facebook)",
    "Missao": "Promover a educação de qualidade, a pesquisa e a extensão, com responsabilidade social e compromisso com a diversidade, visando ao desenvolvimento humano e regional.",
    "Visao": "Ser reconhecida como uma universidade de excelência acadêmica e referência na produção de conhecimento voltado para as demandas da sociedade.",
    "Valores": "Ética, excelência, inclusão, compromisso social, sustentabilidade",
    "FormasIngresso": "Vestibular, Sisu, Enem, transferência, programas de mobilidade acadêmica",
    "ProcessoSeletivoData": "Via Sisu",
    "Endereco": "Rua José Lourenço Kelmer, s/n - São Pedro",
    "Cidade": "Juiz de Fora",
    "Estado": "Minas Gerais",
    "Diferenciais": "Campus com infraestrutura completa, forte interação com a comunidade local, projetos de extensão premiados.",
    "CursosOferecidos": [
        "Administração",
        "Arquitetura e Urbanismo",
        "Biologia",
        "Ciência da Computação",
        "Ciências Contábeis",
        "Ciências Econômicas",
        "Direito",
        "Educação Física",
        "Enfermagem",
        "Engenharia Civil",
        "Engenharia de Produção",
        "Física",
        "Geografia",
        "História",
        "Letras",
        "Matemática",
        "Medicina",
        "Odontologia",
        "Pedagogia",
        "Psicologia",
        "Química"
    ],
    "ProcessoSeletivoDetalhes": "Processo seletivo aberto, com possibilidade de ingresso através de vestibular, Sisu, Enem, transferência ou programas de mobilidade acadêmica."
}