{
    "Nome": "Universidade Federal de Lavras (UFLA)",
    "AreaAtuacao": "Educação superior, pesquisa científica, extensão comunitária",
    "Descricao": "A UFLA é uma instituição pública de ensino superior comprometida com a formação de profissionais qualificados, a geração de conhecimento científico e tecnológico e o desenvolvimento sustentável da sociedade. Foco em ciências agrárias, parcerias com empresas e instituições de pesquisa, campus arborizado e com boa estrutura.",
    "ContatoEmail": "comunicacao@ufla.br",
    "ContatoTelefone": "(35) 3829-1000",
    "ContatoSite": "www.ufla.br",
    "RedesSociais": "@ufla_oficial (Instagram, Twitter, Facebook)",
    "Missao": "Promover a educação de qualidade, a pesquisa e a extensão, com responsabilidade social e ambiental, visando ao desenvolvimento humano e regional.",
    "Visao": "Ser reconhecida nacionalmente como uma universidade de excelência acadêmica, comprometida com a sustentabilidade e a inovação.",
    "Valores": "Ética, excelência, inclusão, compromisso social, sustentabilidade.",
    "FormasIngresso": "Vestibular, Sisu, Enem, transferência, programas de mobilidade acadêmica",
    "ProcessoSeletivoData": "Aberto, Via Sisu",
    "Endereco": "Campus Universitário - Kennedy",
    "Cidade": "Lavras",
    "Estado": "Minas Gerais",
    "Diferenciais": "Foco em ciências agrárias, parcerias com empresas e instituições de pesquisa, campus arborizado e com boa estrutura.",
    "CursosOferecidos": [
        "Administração",
        "Agronomia",
        "Biologia",
        "Ciência da Computação",
        "Ciências Contábeis",
        "Direito",
        "Economia",
        "Educação Física",
        "Engenharia Ambiental e Sanitária",
        "Engenharia de Alimentos",
        "Engenharia de Controle e Automação",
        "Engenharia Florestal",
        "Engenharia Química",
        "Medicina Veterinária",
        "Zootecnia"
    ],
    "ProcessoSeletivoDetalhes": "O processo seletivo da UFLA está aberto e as datas importantes são informadas via Sisu."
}