{
    "Nome": "Universidade Federal do Maranhão (UFMA)",
    "AreaAtuacao": "Educação superior, pesquisa científica, extensão comunitária",
    "Descricao": "A UFMA é uma instituição pública de ensino superior comprometida com a produção e disseminação do conhecimento em prol do desenvolvimento socioeconômico e cultural do Maranhão e do Brasil.",
    "ContatoEmail": "comunicacao@ufma.br",
    "ContatoTelefone": "(98) 3272-8666",
    "ContatoSite": "www.ufma.br",
    "RedesSociais": "@ufma_oficial (Instagram, Twitter, Facebook)",
    "Missao": "Promover a formação de profissionais qualificados, a produção científica e tecnológica, e a integração com a sociedade, visando à transformação social e o desenvolvimento sustentável.",
    "Visao": "Ser reconhecida nacional e internacionalmente pela qualidade acadêmica e contribuição para o desenvolvimento humano e regional.",
    "Valores": "Ética, excelência, inclusão, compromisso social, sustentabilidade",
    "FormasIngresso": "Vestibular, Sisu, Enem, transferência, programas de mobilidade acadêmica",
    "ProcessoSeletivoData": "Via Sisu",
    "Endereco": "Cidade Universitária Dom Delgado, Av. dos Portugueses, 1966 - Bacanga",
    "Cidade": "São Luís",
    "Estado": "Maranhão",
    "Diferenciais": "Programas de extensão universitária voltados para comunidades carentes, laboratórios de pesquisa de ponta, intercâmbios acadêmicos internacionais",
    "CursosOferecidos": [
        "Administração",
        "Agronomia",
        "Arquitetura e Urbanismo",
        "Biologia",
        "Biomedicina",
        "Ciências Contábeis",
        "Ciências Econômicas",
        "Ciências Sociais",
        "Direito",
        "Educação Física",
        "Enfermagem",
        "Engenharia Civil",
        "Engenharia Elétrica",
        "Engenharia Mecânica",
        "Farmácia",
        "Física",
        "Geografia",
        "História",
        "Jornalismo",
        "Letras",
        "Matemática",
        "Medicina",
        "Nutrição",
        "Odontologia",
        "Pedagogia",
        "Psicologia",
        "Química",
        "Serviço Social"
    ],
    "ProcessoSeletivoDetalhes": "O processo seletivo é aberto e realizado via Sisu."
}