{
    "Nome": "Universidade Federal de Minas Gerais (UFMG)",
    "AreaAtuacao": "Educação superior, pesquisa científica, extensão comunitária",
    "Descricao": "A UFMG é uma instituição pública de ensino superior comprometida com a formação de profissionais qualificados e a produção de conhecimento científico, contribuindo para o desenvolvimento socioeconômico e cultural de Minas Gerais e do Brasil.",
    "ContatoEmail": "comunicacao@ufmg.br",
    "ContatoTelefone": "(31) 3409-5000",
    "ContatoSite": "www.ufmg.br",
    "RedesSociais": "@ufmg.oficial (Instagram, Twitter, Facebook)",
    "Missao": "Promover a educação superior de qualidade, a pesquisa e a extensão, com responsabilidade social e compromisso ético, visando ao desenvolvimento humano e regional.",
    "Visao": "Ser reconhecida como uma universidade de excelência acadêmica e referência na produção de conhecimento voltado para as demandas locais e nacionais.",
    "Valores": "Ética, excelência, inclusão, compromisso social, sustentabilidade",
    "FormasIngresso": "Vestibular, Sisu, Enem, transferência, programas de mobilidade acadêmica",
    "ProcessoSeletivoData": "Via Sisu",
    "Endereco": "Av. Antônio Carlos, 6627 - Pampulha",
    "Cidade": "Belo Horizonte",
    "Estado": "Minas Gerais",
    "Diferenciais": "Programas de pesquisa em diversas áreas do conhecimento, laboratórios especializados, intercâmbio internacional",
    "CursosOferecidos": "Administração, Arquitetura e Urbanismo, Ciência da Computação, Ciências Biológicas, Ciências Contábeis, Direito, Engenharia Civil, Engenharia de Produção, Filosofia, Física, Geografia, História, Letras, Matemática, Medicina, Odontologia, Pedagogia, Psicologia, Química",
    "ProcessoSeletivoDetalhes": "Aberto via Sisu"
}