{
    "Nome": "Universidade Federal de Mato Grosso do Sul (UFMS)",
    "AreaAtuacao": "Educação superior, pesquisa e extensão",
    "Descricao": "A UFMS é uma instituição pública de ensino superior localizada em Campo Grande, Mato Grosso do Sul, Brasil. Oferece uma ampla gama de cursos de graduação, pós-graduação e programas de pesquisa e extensão. Sua missão é promover a educação de qualidade, a pesquisa científica e tecnológica e a extensão com responsabilidade social, contribuindo para o desenvolvimento regional e nacional.",
    "ContatoEmail": "ufms@ufms.br",
    "ContatoTelefone": "Não fornecido",
    "ContatoSite": "www.ufms.br",
    "RedesSociais": "@UFMSOficial (Twitter, Facebook, Instagram)",
    "Missao": "Promover a educação de qualidade, a pesquisa científica e tecnológica e a extensão com responsabilidade social.",
    "Visao": "Ser uma instituição de referência nacional e internacional em ensino, pesquisa e extensão.",
    "Valores": "Excelência, ética, inclusão, compromisso social e sustentabilidade.",
    "FormasIngresso": "Através do Sistema de Seleção Unificada (SISU), vestibular e outros programas de acesso específicos.",
    "ProcessoSeletivoData": "Datas processo seletivo: SISU.",
    "Endereco": "Avenida Costa e Silva, s/n - Cidade Universitária, Campo Grande - MS, 79070-900",
    "Cidade": "Campo Grande",
    "Estado": "Mato Grosso do Sul",
    "Diferenciais": "A UFMS se destaca pela excelência acadêmica, corpo docente qualificado, infraestrutura moderna, forte integração com a comunidade e ampla oferta de bolsas e programas de assistência estudantil.",
    "CursosOferecidos": [
        "Administração",
        "Agronomia",
        "Arquitetura e Urbanismo",
        "Biblioteconomia",
        "Biomedicina",
        "Ciência da Computação",
        "Ciências Biológicas",
        "Ciências Contábeis",
        "Ciências Econômicas",
        "Ciências Sociais",
        "Direito",
        "Educação Física",
        "Enfermagem",
        "Engenharia Ambiental",
        "Engenharia Civil",
        "Engenharia de Alimentos",
        "Engenharia de Computação",
        "Engenharia de Controle e Automação",
        "Engenharia de Produção",
        "Engenharia Elétrica",
        "Engenharia Mecânica",
        "Engenharia Química",
        "Farmácia",
        "Fisioterapia",
        "Geografia",
        "História",
        "Jornalismo",
        "Letras",
        "Matemática",
        "Medicina",
        "Medicina Veterinária",
        "Nutrição",
        "Odontologia",
        "Pedagogia",
        "Psicologia",
        "Química",
        "Relações Internacionais",
        "Sistemas de Informação",
        "Zootecnia"
    ],
    "ProcessoSeletivoDetalhes": "O processo seletivo da UFMS é aberto e as datas importantes variam de acordo com o Sistema de Seleção Unificada (SISU)."
}