{
    "Nome": "Universidade Federal de Mato Grosso (UFMT)",
    "AreaAtuacao": "Educação Superior e Pesquisa",
    "Descricao": "A UFMT é reconhecida pela qualidade de seus cursos e contribuição para o desenvolvimento regional. Oferece uma variedade de cursos de graduação, pós-graduação e extensão. Possui uma infraestrutura moderna e recursos bem equipados para pesquisa e ensino, além de se engajar em projetos de extensão e ações sociais na comunidade local.",
    "ContatoEmail": "ouvidoria@ufmt.br",
    "ContatoTelefone": "(65) 3615-8000",
    "ContatoSite": "https://www.ufmt.br/",
    "RedesSociais": {
        "Facebook": "https://www.facebook.com/UFMTOficial",
        "Twitter": "https://twitter.com/ufmt_oficial",
        "Instagram": "https://www.instagram.com/ufmt_oficial/"
    },
    "Missao": "Promover a produção e disseminação do conhecimento, contribuindo para o desenvolvimento socioeconômico e cultural da sociedade.",
    "Visao": "Ser reconhecida como instituição de excelência em educação, pesquisa e extensão, comprometida com a transformação social.",
    "Valores": [
        "Ética",
        "Excelência",
        "Inclusão",
        "Responsabilidade socioambiental",
        "Compromisso com a comunidade",
        "Pluralidade",
        "Autonomia"
    ],
    "FormasIngresso": [
        "SiSU",
        "Vestibular",
        "Programa de Avaliação Seriada (PAS)"
    ],
    "ProcessoSeletivoData": "Via Enem",
    "Endereco": "Av. Fernando Corrêa da Costa, 2367 - Boa Esperança",
    "Cidade": "Cuiabá",
    "Estado": "Mato Grosso",
    "Diferenciais": {
        "Forte presença regional": "Contribui para o desenvolvimento socioeconômico e cultural do estado do Mato Grosso.",
        "Infraestrutura e recursos": "Possui uma estrutura física moderna e laboratórios bem equipados para apoio à pesquisa e ensino.",
        "Engajamento comunitário": "Desenvolve projetos de extensão e ações sociais que impactam positivamente a comunidade local."
    },
    "CursosOferecidos": "A UFMT oferece uma variedade de cursos de graduação, pós-graduação e extensão em diversas áreas do conhecimento.",
    "ProcessoSeletivoDetalhes": "O processo seletivo da UFMT envolve provas de conhecimentos gerais e específicos, redação, e é realizado via Enem."
}