{
    "Nome": "Universidade Federal do Norte do Tocantins (UFNT)",
    "AreaAtuacao": "Educação superior, pesquisa científica, extensão comunitária",
    "Descricao": "A UFNT é uma instituição pública de ensino superior comprometida com a formação de profissionais qualificados, a produção de conhecimento e o desenvolvimento regional, promovendo a inclusão social e a sustentabilidade.",
    "ContatoEmail": "comunicacao@ufnt.edu.br",
    "ContatoTelefone": "(63) 3416-0700",
    "ContatoSite": "www.ufnt.edu.br",
    "RedesSociais": "@ufnt.oficial (Instagram, Twitter, Facebook)",
    "Missao": "Promover a educação superior, a pesquisa e a extensão, com qualidade e relevância social, visando ao desenvolvimento humano e regional.",
    "Visao": "Ser reconhecida nacional e internacionalmente como uma universidade de excelência em ensino, pesquisa e extensão, comprometida com a promoção da cidadania, da diversidade e da sustentabilidade.",
    "Valores": "Ética, excelência, inclusão, compromisso social, sustentabilidade.",
    "FormasIngresso": "Vestibular, Sisu, Enem, transferência, programas de mobilidade acadêmica",
    "ProcessoSeletivoData": "Aberto, via Sisu",
    "Endereco": "Rua Paraguai, 1015 - Setor Coimbra",
    "Cidade": "Araguaína",
    "Estado": "Tocantins",
    "Diferenciais": "Foco na interdisciplinaridade, integração com a comunidade, atuação em projetos de desenvolvimento regional",
    "CursosOferecidos": [
        "Administração",
        "Agronomia",
        "Ciências Biológicas",
        "Ciências Contábeis",
        "Ciências da Computação",
        "Ciências Econômicas",
        "Ciências Sociais",
        "Direito",
        "Engenharia Agrícola e Ambiental",
        "Engenharia Civil",
        "Engenharia de Alimentos",
        "Engenharia de Produção",
        "Engenharia Elétrica",
        "Geografia",
        "História",
        "Letras",
        "Matemática",
        "Pedagogia",
        "Química",
        "Sistemas de Informação"
    ],
    "ProcessoSeletivoDetalhes": "Processo seletivo aberto, com entrada através de diversas formas de ingresso e via Sisu."
}