{
    "Nome": "Universidade Federal do Oeste da Bahia (UFOB)",
    "AreaAtuacao": "Educação Superior, pesquisa científica, extensão comunitária",
    "Descricao": "A UFOB é uma instituição pública de ensino superior comprometida com o desenvolvimento socioeconômico e cultural do Oeste da Bahia, através da formação de profissionais qualificados e da produção de conhecimento científico e tecnológico.",
    "ContatoEmail": "comunicacao@ufob.edu.br",
    "ContatoTelefone": "(77) 3614-3100",
    "ContatoSite": "www.ufob.edu.br",
    "RedesSociais": "@ufob_oficial (Instagram, Twitter, Facebook)",
    "Missao": "Contribuir para a formação integral de cidadãos e para o desenvolvimento sustentável da região oeste da Bahia, por meio do ensino, pesquisa e extensão de qualidade.",
    "Visao": "Ser reconhecida como uma universidade de excelência acadêmica e referência na produção de conhecimento científico e tecnológico voltado para as demandas regionais e nacionais.",
    "Valores": "Ética, excelência, inclusão, compromisso social, sustentabilidade",
    "FormasIngresso": "Vestibular, Sisu, Enem, transferência, programas de mobilidade acadêmica",
    "ProcessoSeletivoData": "Via Sisu, aberto",
    "Endereco": "Campus Reitor Edgard Santos, Rua Professor José Seabra, s/n - Universitário",
    "Cidade": "Barreiras",
    "Estado": "Bahia",
    "Diferenciais": "Foco na agricultura e agroindústria, parcerias com empresas locais, projetos de extensão voltados para as comunidades rurais",
    "CursosOferecidos": [
        "Administração",
        "Agronomia",
        "Biomedicina",
        "Ciência da Computação",
        "Ciências Biológicas",
        "Ciências Contábeis",
        "Direito",
        "Engenharia Civil",
        "Engenharia de Produção",
        "Engenharia Elétrica",
        "Física",
        "Geografia",
        "História",
        "Letras",
        "Matemática",
        "Medicina Veterinária",
        "Nutrição",
        "Pedagogia",
        "Química",
        "Zootecnia"
    ],
    "ProcessoSeletivoDetalhes": "Processo seletivo aberto, realizado via Sisu."
}