{
    "Nome": "Universidade Federal do Oeste do Pará (UFOPA)",
    "AreaAtuacao": "Educação superior, pesquisa científica, extensão comunitária",
    "Descricao": "A UFOPA é uma instituição pública de ensino superior comprometida com o desenvolvimento socioeconômico e ambiental do oeste do Pará, através da formação de profissionais qualificados e da produção de conhecimento científico e tecnológico.",
    "ContatoEmail": "comunicacao@ufopa.edu.br",
    "ContatoTelefone": "(93) 2101-6526",
    "ContatoSite": "www.ufopa.edu.br",
    "RedesSociais": "@ufopa.oficial (Instagram, Twitter, Facebook)",
    "Missao": "Promover a educação de qualidade, a pesquisa e a extensão, com compromisso ético e social, visando ao desenvolvimento sustentável da região amazônica.",
    "Visao": "Ser reconhecida como uma universidade de excelência acadêmica e referência na produção de conhecimento voltado para as demandas locais e regionais.",
    "Valores": "Ética, excelência, inclusão, compromisso social, sustentabilidade",
    "FormasIngresso": "Vestibular, Sisu, Enem, transferência, programas de mobilidade acadêmica",
    "ProcessoSeletivoData": "Via Sisu",
    "Endereco": "Avenida Mendonça Furtado, 2946 - Fátima",
    "Cidade": "Santarém",
    "Estado": "Pará",
    "Diferenciais": "Laboratórios de pesquisa em ciências ambientais, projetos de extensão com comunidades ribeirinhas, parcerias com instituições governamentais e não governamentais",
    "CursosOferecidos": [
        "Administração",
        "Biologia",
        "Ciências da Computação",
        "Direito",
        "Educação Física",
        "Engenharia Civil",
        "Engenharia Florestal",
        "Geografia",
        "História",
        "Letras",
        "Matemática",
        "Medicina",
        "Pedagogia",
        "Psicologia"
    ],
    "ProcessoSeletivoDetalhes": "O processo seletivo para ingresso na UFOPA é realizado principalmente através do Sisu, sendo necessário acompanhar as datas disponíveis no sistema de seleção do Ministério da Educação."
}