{
    "Nome": "Universidade Federal de Ouro Preto (UFOP)",
    "AreaAtuacao": "Educação superior, pesquisa científica, extensão comunitária",
    "Descricao": "A UFOP é uma instituição pública de ensino superior comprometida com a formação de profissionais qualificados e a produção de conhecimento científico, contribuindo para o desenvolvimento socioeconômico e cultural de Minas Gerais e do Brasil.",
    "ContatoEmail": "comunicacao@ufop.br",
    "ContatoTelefone": "(31) 3559-1000",
    "ContatoSite": "www.ufop.br",
    "RedesSociais": "@ufop.oficial (Instagram, Twitter, Facebook)",
    "Missao": "Promover a educação superior de qualidade, a pesquisa e a extensão, com responsabilidade social e compromisso ético, visando ao desenvolvimento humano e regional.",
    "Visao": "Ser reconhecida como uma universidade de excelência acadêmica e referência na produção de conhecimento voltado para as demandas locais e nacionais.",
    "Valores": "Ética, excelência, inclusão, compromisso social, sustentabilidade",
    "FormasIngresso": "Vestibular, Sisu, Enem, transferência, programas de mobilidade acadêmica",
    "ProcessoSeletivoData": "Aberto, Via Sisu",
    "Endereco": "Praça Tiradentes, 20 - Centro",
    "Cidade": "Ouro Preto",
    "Estado": "Minas Gerais",
    "Diferenciais": "Preservação do patrimônio histórico-cultural, programas de pesquisa em história e arqueologia, laboratórios especializados",
    "CursosOferecidos": [
        "Administração",
        "Arquitetura e Urbanismo",
        "Ciências Biológicas",
        "Ciências Econômicas",
        "Direito",
        "Educação Física",
        "Engenharia Ambiental",
        "Engenharia Civil",
        "Engenharia de Controle e Automação",
        "Engenharia de Minas",
        "Engenharia de Produção",
        "Geografia",
        "História",
        "Letras",
        "Matemática",
        "Medicina",
        "Nutrição",
        "Psicologia",
        "Química"
    ],
    "ProcessoSeletivoDetalhes": "O processo seletivo da UFOP é aberto e ocorre principalmente através do Sisu, além de outras formas de ingresso como vestibular, Enem, transferência e programas de mobilidade acadêmica."
}