{
    "Nome": "Universidade Federal do Pará (UFPA)",
    "AreaAtuacao": "Educação superior, pesquisa científica, extensão comunitária",
    "Descricao": "A UFPA é uma instituição pública de ensino superior comprometida com a formação de profissionais qualificados e a produção de conhecimento científico e tecnológico, contribuindo para o desenvolvimento sustentável da Amazônia e do Brasil.",
    "ContatoEmail": "comunicacao@ufpa.br",
    "ContatoTelefone": "(91) 3201-7000",
    "ContatoSite": "www.ufpa.br",
    "RedesSociais": "@ufpa.oficial (Instagram, Twitter, Facebook)",
    "Missao": "Promover a educação de qualidade, a pesquisa e a extensão, com responsabilidade social e ambiental, visando ao desenvolvimento humano e regional.",
    "Visao": "Ser reconhecida como uma universidade de excelência acadêmica e referência na produção de conhecimento voltado para as demandas da Amazônia.",
    "Valores": "Ética, excelência, inclusão, compromisso social, sustentabilidade",
    "FormasIngresso": "Vestibular, Sisu, Enem, transferência, programas de mobilidade acadêmica",
    "ProcessoSeletivoData": "Aberto, Via Sisu",
    "Endereco": "Avenida Augusto Corrêa, 01 - Guamá",
    "Cidade": "Belém",
    "Estado": "Pará",
    "Diferenciais": "Programas de pesquisa em biodiversidade amazônica, laboratórios de ciências ambientais, parcerias com instituições de pesquisa internacionais",
    "CursosOferecidos": [
        "Administração",
        "Agronomia",
        "Arquitetura e Urbanismo",
        "Biologia",
        "Ciências da Computação",
        "Direito",
        "Educação Física",
        "Enfermagem",
        "Engenharia Civil",
        "Física",
        "Geografia",
        "História",
        "Letras",
        "Matemática",
        "Medicina",
        "Odontologia",
        "Química"
    ],
    "ProcessoSeletivoDetalhes": "O processo seletivo é aberto e realizado via Sisu, com diferentes formas de ingresso disponíveis."
}