{
    "Nome": "Universidade Federal da Paraíba (UFPB)",
    "AreaAtuacao": "Educação superior, pesquisa e extensão",
    "Descricao": "A UFPB é uma instituição pública de ensino superior localizada em João Pessoa, Paraíba. Fundada em 1955, tem como missão promover a produção e disseminação do conhecimento científico, tecnológico e cultural, contribuindo para o desenvolvimento regional e nacional. Com um corpo docente qualificado e uma ampla variedade de cursos, a UFPB busca formar profissionais éticos e comprometidos com a transformação social.",
    "ContatoEmail": "ufpb@ufpb.br",
    "ContatoTelefone": "Não fornecido",
    "ContatoSite": "www.ufpb.br",
    "RedesSociais": "@ufpb.oficial (Twitter, Facebook, Instagram)",
    "Missao": "Promover a produção e disseminação do conhecimento, contribuindo para o desenvolvimento humano, social e econômico da Paraíba e do Brasil.",
    "Visao": "Ser reconhecida nacional e internacionalmente como uma universidade de excelência acadêmica, comprometida com a inclusão social e o desenvolvimento sustentável.",
    "Valores": "Excelência acadêmica, ética, inclusão, diversidade, compromisso social, sustentabilidade e autonomia universitária.",
    "FormasIngresso": "Aberto via Sisu",
    "ProcessoSeletivoData": "Datas do Sisu",
    "Endereco": "Não fornecido",
    "Cidade": "João Pessoa",
    "Estado": "Paraíba",
    "Diferenciais": "A UFPB destaca-se pela sua tradição acadêmica, infraestrutura moderna, forte atuação na pesquisa aplicada e extensão universitária voltada para as demandas da sociedade paraibana. Além disso, oferece programas de assistência estudantil, intercâmbios internacionais e parcerias com empresas e instituições de pesquisa.",
    "CursosOferecidos": [
        "Administração",
        "Agronomia",
        "Arquitetura e Urbanismo",
        "Arquivologia",
        "Biblioteconomia",
        "Biomedicina",
        "Ciências Atuariais",
        "Ciências Biológicas",
        "Ciências Contábeis",
        "Ciências Econômicas",
        "Ciências Sociais",
        "Dança",
        "Design",
        "Direito",
        "Educação Física",
        "Enfermagem",
        "Engenharia Civil",
        "Engenharia Elétrica",
        "Engenharia Florestal",
        "Engenharia Mecânica",
        "Farmácia",
        "Filosofia",
        "Física",
        "Geografia",
        "Geologia",
        "História",
        "Jornalismo",
        "Letras",
        "Matemática",
        "Medicina",
        "Nutrição",
        "Odontologia",
        "Pedagogia",
        "Psicologia",
        "Química",
        "Relações Internacionais",
        "Serviço Social",
        "Turismo"
    ],
    "ProcessoSeletivoDetalhes": "O processo seletivo é realizado por meio do Sisu."
}