{
    "Nome": "Universidade Federal de Pernambuco (UFPE)",
    "AreaAtuacao": "Educação Superior, Pesquisa e Extensão",
    "Descricao": "A UFPE é uma instituição pública de ensino superior com sede em Recife, Pernambuco. Fundada em 1946, tem como missão promover o ensino, a pesquisa e a extensão, contribuindo para o desenvolvimento humano, científico, cultural e social. Destaca-se pela qualidade de seus programas acadêmicos, corpo docente qualificado, infraestrutura moderna, forte integração com a comunidade e projetos de pesquisa e extensão reconhecidos nacional e internacionalmente.",
    "ContatoEmail": "ufpe@ufpe.br",
    "ContatoTelefone": "Não informado",
    "ContatoSite": "www.ufpe.br",
    "RedesSociais": "@ufpe.oficial (Twitter, Facebook, Instagram)",
    "Missao": "Promover o ensino, a pesquisa e a extensão, contribuindo para o desenvolvimento humano, científico, cultural e social.",
    "Visao": "Ser referência nacional e internacional em educação superior, pesquisa e extensão.",
    "Valores": "Qualidade, compromisso com a comunidade, excelência acadêmica, inovação, ética.",
    "FormasIngresso": "Sistema de Seleção Unificada (SISU)",
    "ProcessoSeletivoData": "Via SISU",
    "Endereco": "Av. Prof. Moraes Rego, 1235 - Cidade Universitária, Recife",
    "Cidade": "Recife",
    "Estado": "Pernambuco",
    "Diferenciais": "Corpo docente qualificado, infraestrutura moderna, integração com a comunidade, projetos de pesquisa e extensão reconhecidos.",
    "CursosOferecidos": [
        "Administração",
        "Agronomia",
        "Arquitetura e Urbanismo",
        "Biblioteconomia",
        "Biomedicina",
        "Ciência da Computação",
        "Ciências Biológicas",
        "Ciências Contábeis",
        "Ciências Econômicas",
        "Ciências Sociais",
        "Design",
        "Direito",
        "Economia Doméstica",
        "Educação Física",
        "Enfermagem",
        "Engenharia Civil",
        "Engenharia Elétrica",
        "Engenharia Mecânica",
        "Engenharia Química",
        "Farmácia",
        "Física",
        "Geografia",
        "História",
        "Letras",
        "Matemática",
        "Medicina",
        "Nutrição",
        "Odontologia",
        "Pedagogia",
        "Psicologia",
        "Química",
        "Relações Internacionais",
        "Serviço Social",
        "Sistemas de Informação",
        "Zootecnia"
    ],
    "ProcessoSeletivoDetalhes": "O processo seletivo para ingresso na UFPE é realizado através do Sistema de Seleção Unificada (SISU). As datas e informações específicas podem ser consultadas diretamente no site da instituição."
}