{
    "Nome": "Universidade Federal de Pelotas (UFPel)",
    "AreaAtuacao": "Educação superior, pesquisa científica, extensão comunitária",
    "Descricao": "A UFPel é uma instituição pública de ensino superior comprometida com a formação de profissionais qualificados, a produção de conhecimento e o desenvolvimento socioeconômico e cultural da região sul e do país. Possui foco na interdisciplinaridade, integração com a comunidade e atuação em projetos de desenvolvimento regional.",
    "ContatoEmail": "comunicacao@ufpel.edu.br",
    "ContatoTelefone": "(53) 3284-4066",
    "ContatoSite": "www.ufpel.edu.br",
    "RedesSociais": "@ufpel (Instagram, Twitter, Facebook)",
    "Missao": "Promover a educação de qualidade, a pesquisa e a extensão, com ética e responsabilidade social, visando ao desenvolvimento humano, econômico, cultural e ambiental.",
    "Visao": "Ser reconhecida nacional e internacionalmente como uma universidade de excelência em ensino, pesquisa e extensão, comprometida com a promoção da inclusão social, da diversidade e da sustentabilidade.",
    "Valores": "Ética, excelência, inclusão, compromisso social, sustentabilidade",
    "FormasIngresso": "Vestibular, Sisu, Enem, transferência, programas de mobilidade acadêmica",
    "ProcessoSeletivoData": "Aberto, Via Sisu",
    "Endereco": "Rua Gomes Carneiro, 1 - Centro",
    "Cidade": "Pelotas",
    "Estado": "Rio Grande do Sul",
    "Diferenciais": "Foco na interdisciplinaridade, integração com a comunidade, atuação em projetos de desenvolvimento regional",
    "CursosOferecidos": [
        "Administração",
        "Agronomia",
        "Arquitetura e Urbanismo",
        "Artes Visuais",
        "Biblioteconomia",
        "Biotecnologia",
        "Ciência da Computação",
        "Ciências Biológicas",
        "Ciências Econômicas",
        "Ciências Sociais",
        "Design",
        "Direito",
        "Educação Física",
        "Enfermagem",
        "Engenharia Ambiental e Sanitária",
        "Engenharia Civil",
        "Engenharia de Controle e Automação",
        "Engenharia de Petróleo",
        "Engenharia de Produção",
        "Engenharia Química",
        "Farmácia",
        "Filosofia",
        "Física",
        "Geografia",
        "História",
        "Jornalismo",
        "Letras",
        "Matemática",
        "Medicina",
        "Medicina Veterinária",
        "Meteorologia",
        "Música",
        "Nutrição",
        "Odontologia",
        "Pedagogia",
        "Psicologia",
        "Química",
        "Relações Internacionais",
        "Secretariado Executivo",
        "Serviço Social",
        "Teatro",
        "Zootecnia"
    ],
    "ProcessoSeletivoDetalhes": "O processo seletivo da UFPel está aberto e ocorre via Sisu."
}