{
    "Nome": "Universidade Federal do Piauí (UFPI)",
    "AreaAtuacao": "Educação superior, pesquisa científica, extensão comunitária",
    "Descricao": "A UFPI é uma instituição pública de ensino superior comprometida com a produção e disseminação do conhecimento científico, tecnológico e cultural, visando ao desenvolvimento humano e regional. Oferece cursos em diversas áreas e possui laboratórios de pesquisa de última geração, além de programas de extensão e intercâmbio internacional.",
    "ContatoEmail": "comunicacao@ufpi.br",
    "ContatoTelefone": "(86) 3215-5555",
    "ContatoSite": "www.ufpi.br",
    "RedesSociais": "@ufpi_oficial (Instagram, Twitter, Facebook)",
    "Missao": "Promover a formação de profissionais qualificados e a produção de conhecimento, contribuindo para o desenvolvimento socioeconômico e cultural do Piauí e do Brasil.",
    "Visao": "Ser uma universidade de referência nacional e internacional, reconhecida pela qualidade acadêmica e pela contribuição para o desenvolvimento sustentável.",
    "Valores": "Ética, excelência, inclusão, compromisso social, sustentabilidade.",
    "FormasIngresso": "Vestibular, Sisu, Enem, transferência, programas de mobilidade acadêmica",
    "ProcessoSeletivoData": "Via Sisu",
    "Endereco": "Campus Ministro Petrônio Portella, Av. Universitária, 1310 - Bairro Ininga",
    "Cidade": "Teresina",
    "Estado": "Piauí",
    "Diferenciais": "Laboratórios de pesquisa de última geração, cursos de extensão voltados para as comunidades carentes, programas de intercâmbio internacional.",
    "CursosOferecidos": [
        "Administração",
        "Agronomia",
        "Arquitetura e Urbanismo",
        "Biomedicina",
        "Ciências Biológicas",
        "Ciências Contábeis",
        "Ciências Econômicas",
        "Direito",
        "Educação Física",
        "Enfermagem",
        "Engenharia Civil",
        "Engenharia Elétrica",
        "Engenharia Mecânica",
        "Farmácia",
        "Física",
        "Geografia",
        "História",
        "Letras",
        "Matemática",
        "Medicina",
        "Nutrição",
        "Odontologia",
        "Psicologia",
        "Química",
        "Serviço Social"
    ],
    "ProcessoSeletivoDetalhes": "O processo seletivo da UFPI está aberto e as inscrições são realizadas através do Sistema de Seleção Unificada (Sisu)."
}