{
    "Nome": "Universidade Federal do Paraná (UFPR)",
    "AreaAtuacao": "Educação superior, pesquisa científica, extensão comunitária",
    "Descricao": "A UFPR é uma das principais instituições de ensino superior do Brasil, comprometida com a formação de profissionais qualificados, a produção de conhecimento e o desenvolvimento regional, nacional e internacional.",
    "ContatoEmail": "comunicacao@ufpr.br",
    "ContatoTelefone": "(41) 3360-5000",
    "ContatoSite": "www.ufpr.br",
    "RedesSociais": "@ufpr.oficial (Instagram, Twitter, Facebook)",
    "Missao": "Promover a educação de qualidade, a pesquisa e a extensão, com ética e responsabilidade social, visando ao desenvolvimento humano, científico, tecnológico, cultural e ambiental.",
    "Visao": "Ser reconhecida nacional e internacionalmente como uma universidade de excelência em ensino, pesquisa e extensão, comprometida com a promoção da cidadania, da diversidade e da sustentabilidade.",
    "Valores": "Ética, excelência, inclusão, compromisso social, sustentabilidade",
    "FormasIngresso": "Vestibular, Sisu, Enem, transferência, programas de mobilidade acadêmica",
    "ProcessoSeletivoData": "Aberto - Via Sisu",
    "Endereco": "Praça Santos Andrade, s/n - Centro",
    "Cidade": "Curitiba",
    "Estado": "Paraná",
    "Diferenciais": "Tradição acadêmica, parcerias com instituições de pesquisa, campus em região central",
    "CursosOferecidos": [
        "Administração",
        "Agronomia",
        "Arquitetura e Urbanismo",
        "Arquivologia",
        "Biblioteconomia",
        "Bioinformática",
        "Biologia",
        "Biomedicina",
        "Biotecnologia",
        "Ciência da Computação",
        "Ciências Biológicas",
        "Ciências Contábeis",
        "Ciências Econômicas",
        "Ciências Sociais",
        "Cinema",
        "Design",
        "Direito",
        "Educação Física",
        "Enfermagem",
        "Engenharia Ambiental",
        "Engenharia Civil",
        "Engenharia de Bioprocessos",
        "Engenharia de Computação",
        "Engenharia de Controle e Automação",
        "Engenharia de Materiais",
        "Engenharia de Produção",
        "Engenharia de Software",
        "Engenharia Elétrica",
        "Engenharia Florestal",
        "Engenharia Industrial Madeireira",
        "Engenharia Mecânica",
        "Engenharia Química",
        "Estatística",
        "Farmácia",
        "Filosofia",
        "Física",
        "Fisioterapia",
        "Fonoaudiologia",
        "Geografia",
        "Geologia",
        "Gestão da Informação",
        "História",
        "Letras",
        "Matemática",
        "Medicina",
        "Medicina Veterinária",
        "Meteorologia",
        "Música",
        "Nutrição",
        "Oceanografia",
        "Odontologia",
        "Pedagogia",
        "Psicologia",
        "Publicidade e Propaganda",
        "Química",
        "Relações Internacionais",
        "Secretariado Executivo",
        "Serviço Social",
        "Sistemas de Informação",
        "Teatro",
        "Turismo",
        "Zootecnia"
    ],
    "ProcessoSeletivoDetalhes": "O processo seletivo da UFPR é aberto e realizado via Sisu. A universidade oferece diversas formas de ingresso, como vestibular, Sisu, Enem, transferência e programas de mobilidade acadêmica."
}