{
    "Nome": "Universidade Federal de Rondonópolis (UFR)",
    "AreaAtuacao": "Educação superior, pesquisa e extensão",
    "Descricao": "A UFR é uma instituição comprometida com a excelência acadêmica e o desenvolvimento socioeconômico da região. Oferece cursos de graduação, pós-graduação e programas de pesquisa e extensão que buscam atender às demandas locais, formando profissionais capacitados e promovendo o avanço do conhecimento científico e tecnológico.",
    "ContatoEmail": "ufr@ufr.edu.br",
    "ContatoTelefone": "Não disponível",
    "ContatoSite": "www.ufr.edu.br",
    "RedesSociais": "@UFRondonopolis (Twitter, Facebook, Instagram)",
    "Missao": "Promover a formação de profissionais éticos, críticos e comprometidos com o desenvolvimento sustentável, por meio de um ensino de qualidade, pesquisa de ponta e extensão universitária.",
    "Visao": "Ser reconhecida como uma instituição de referência em educação, pesquisa e extensão, contribuindo de forma significativa para o desenvolvimento humano e socioeconômico da região de Rondonópolis.",
    "Valores": "Ética, excelência acadêmica, compromisso social, inovação, sustentabilidade e inclusão.",
    "FormasIngresso": "Sistema de Seleção Unificada (SISU), vestibular e outros programas de acesso específicos",
    "ProcessoSeletivoData": "Datas do Sisu",
    "Endereco": "Rodovia BR-364, Km 46",
    "Cidade": "Rondonópolis",
    "Estado": "Mato Grosso",
    "Diferenciais": "Infraestrutura moderna, corpo docente altamente qualificado e projetos de pesquisa e extensão que impactam positivamente a comunidade local.",
    "CursosOferecidos": [
        "Administração",
        "Agronomia",
        "Ciências Biológicas",
        "Ciências Contábeis",
        "Direito",
        "Educação Física",
        "Engenharia Civil",
        "Engenharia de Produção",
        "Engenharia Elétrica",
        "Medicina Veterinária",
        "Psicologia"
    ],
    "ProcessoSeletivoDetalhes": "O processo seletivo é aberto e as inscrições são feitas exclusivamente através do Sistema de Seleção Unificada (SISU) nas datas divulgadas pelo Ministério da Educação (MEC)."
}