{
    "Nome": "Universidade Federal Rural da Amazônia (UFRA)",
    "AreaAtuacao": "Educação superior, pesquisa científica, extensão comunitária",
    "Descricao": "A UFRA é uma instituição pública de ensino superior comprometida com a formação de profissionais nas áreas das ciências agrárias, ambientais e sociais, bem como com a produção de conhecimento voltado para o desenvolvimento sustentável da região amazônica.",
    "ContatoEmail": "comunicacao@ufra.edu.br",
    "ContatoTelefone": "(91) 3210-5100",
    "ContatoSite": "www.ufra.edu.br",
    "RedesSociais": "@ufrapara (Instagram, Twitter, Facebook)",
    "Missao": "Promover a educação de qualidade, a pesquisa e a extensão, com responsabilidade social e ambiental, visando ao desenvolvimento sustentável da região amazônica.",
    "Visao": "Ser reconhecida como uma universidade de excelência acadêmica e referência na produção de conhecimento voltado para as demandas do meio rural e amazônico.",
    "Valores": "Ética, excelência, inclusão, compromisso social, sustentabilidade",
    "FormasIngresso": "Vestibular, Sisu, Enem, transferência, programas de mobilidade acadêmica",
    "ProcessoSeletivoData": "Via Sisu",
    "Endereco": "Avenida Presidente Tancredo Neves, 2501 - Montese",
    "Cidade": "Belém",
    "Estado": "Pará",
    "Diferenciais": "Foco nas ciências agrárias e ambientais, projetos de extensão com comunidades rurais, laboratórios especializados",
    "CursosOferecidos": [
        "Agronomia",
        "Engenharia Agrícola e Ambiental",
        "Engenharia Florestal",
        "Medicina Veterinária",
        "Zootecnia"
    ],
    "ProcessoSeletivoDetalhes": "O processo seletivo para a UFRA está aberto e as datas importantes são divulgadas via Sisu."
}