{
    "Nome": "Universidade Federal do Recôncavo da Bahia (UFRB)",
    "AreaAtuacao": "Educação superior, pesquisa e extensão",
    "Descricao": "A UFRB é uma instituição de ensino superior pública, comprometida com a produção e disseminação do conhecimento científico, tecnológico, cultural e artístico. Localizada na região do Recôncavo da Bahia, a universidade oferece cursos de graduação, pós-graduação e programas de pesquisa e extensão, promovendo o desenvolvimento humano e socioeconômico da região.",
    "ContatoEmail": "ufrb@ufrb.edu.br",
    "ContatoTelefone": "",
    "ContatoSite": "www.ufrb.edu.br",
    "RedesSociais": "@UFRBOficial (Twitter, Facebook, Instagram)",
    "Missao": "Promover a formação integral de indivíduos comprometidos com a transformação social e o desenvolvimento sustentável, por meio do ensino, pesquisa e extensão de qualidade, articulados com as demandas da sociedade.",
    "Visao": "Ser reconhecida nacional e internacionalmente como uma universidade de excelência, que contribui de forma significativa para o avanço do conhecimento e o desenvolvimento regional.",
    "Valores": "Ética, inclusão, diversidade, excelência acadêmica, compromisso social, sustentabilidade, autonomia universitária e respeito à pluralidade cultural.",
    "FormasIngresso": "Através do Sistema de Seleção Unificada (SISU), vestibular específico e outros programas de acesso.",
    "ProcessoSeletivoData": "Datas processo seletivo: Sisu.",
    "Endereco": "Rua Rui Barbosa, 710 - Centro",
    "Cidade": "Cruz das Almas",
    "Estado": "Bahia",
    "Diferenciais": "Destaca-se pela sua forte atuação na pesquisa aplicada, extensão universitária voltada para a comunidade local, e pela valorização da cultura e da identidade baiana em seus projetos acadêmicos.",
    "CursosOferecidos": [
        "Agronomia",
        "Biologia",
        "Engenharia de Alimentos",
        "Engenharia Florestal",
        "Medicina Veterinária",
        "Nutrição",
        "Química",
        "Administração",
        "Ciências Contábeis",
        "Ciências Econômicas",
        "Direito",
        "Pedagogia",
        "Psicologia",
        "Bacharelado Interdisciplinar em Artes",
        "Ciências da Natureza e Matemática",
        "Ciências Humanas e Sociais",
        "Saúde",
        "Engenharia",
        "Letras",
        "Licenciatura em Química",
        "Ciências Biológicas",
        "Geografia",
        "Física",
        "Matemática",
        "História",
        "Educação do Campo",
        "Interdisciplinar em Saúde",
        "Tecnologias e Comunicação",
        "Interdisciplinar em Humanidades e Culturas",
        "Interdisciplinar em Ciência e Tecnologia."
    ],
    "ProcessoSeletivoDetalhes": "Processo seletivo aberto para o Sisu."
}