{
    "Nome": "Universidade Federal do Rio de Janeiro (UFRJ)",
    "AreaAtuacao": "Educação superior, pesquisa científica, extensão comunitária",
    "Descricao": "A UFRJ é uma das principais instituições de ensino superior do Brasil, comprometida com a formação de profissionais de excelência, a produção de conhecimento e a promoção do desenvolvimento social, cultural e econômico do país.",
    "ContatoEmail": "comunicacao@ufrj.br",
    "ContatoTelefone": "(21) 3938-9600",
    "ContatoSite": "www.ufrj.br",
    "RedesSociais": "@ufrjoficial (Instagram, Twitter, Facebook)",
    "Missao": "Promover a educação de qualidade, a pesquisa e a extensão, com responsabilidade social e compromisso com a diversidade, visando ao desenvolvimento humano e regional.",
    "Visao": "Ser reconhecida nacional e internacionalmente como uma universidade de excelência em ensino, pesquisa e extensão, contribuindo para o avanço científico, tecnológico e cultural.",
    "Valores": "Ética, excelência, inclusão, compromisso social, sustentabilidade",
    "FormasIngresso": "Vestibular, Sisu, Enem, transferência, programas de mobilidade acadêmica",
    "ProcessoSeletivoData": "Aberto via Sisu",
    "Endereco": "Avenida Pedro Calmon, 550 - Cidade Universitária",
    "Cidade": "Rio de Janeiro",
    "Estado": "Rio de Janeiro",
    "Diferenciais": "Infraestrutura de pesquisa de ponta, parcerias com instituições nacionais e internacionais, diversidade de cursos",
    "CursosOferecidos": "Administração, Antropologia, Arqueologia, Arquitetura e Urbanismo, Artes Cênicas, Artes Visuais, Biblioteconomia, Biologia, Biomedicina, Biotecnologia, Ciência da Computação, Ciências Atuariais, Ciências Biológicas, Ciências Contábeis, Ciências Econômicas, Ciências Sociais, Comunicação Social, Dança, Desenho Industrial, Design, Direito, Ecologia, Economia Doméstica, Educação Física, Enfermagem, Engenharia Ambiental, Engenharia Biomédica, Engenharia Civil, Engenharia de Computação, Engenharia de Controle e Automação, Engenharia de Materiais, Engenharia de Petróleo, Engenharia de Produção, Engenharia Elétrica, Engenharia Mecânica, Engenharia Metalúrgica, Engenharia Naval e Oceânica, Engenharia Química, Engenharia de Telecomunicações, Estatística, Farmácia, Filosofia, Física, Fisioterapia, Fonoaudiologia, Geografia, Geologia, História, Letras, Matemática, Medicina, Medicina Veterinária, Meteorologia, Música, Nutrição, Oceanografia, Odontologia, Pedagogia, Psicologia, Química, Relações Internacionais, Serviço Social, Terapia Ocupacional, Turismo",
    "ProcessoSeletivoDetalhes": "Processo seletivo aberto, com datas importantes divulgadas via Sisu"
}