{
    "Nome": "Universidade Federal do Rio Grande do Norte (UFRN)",
    "AreaAtuacao": "Educação superior, pesquisa científica, extensão comunitária",
    "Descricao": "A UFRN é uma instituição pública de ensino superior comprometida com a produção e difusão do conhecimento, contribuindo para o desenvolvimento socioeconômico e cultural do Rio Grande do Norte e do Brasil.",
    "ContatoEmail": "comunicacao@reitoria.ufrn.br",
    "ContatoTelefone": "(84) 3342-2300",
    "ContatoSite": "www.ufrn.br",
    "RedesSociais": "@ufrnoficial (Instagram, Twitter, Facebook)",
    "Missao": "Promover o ensino, a pesquisa e a extensão de qualidade, formando profissionais éticos e comprometidos com a transformação social.",
    "Visao": "Ser reconhecida nacional e internacionalmente como uma universidade de excelência acadêmica e relevância social.",
    "Valores": "Ética, excelência, inclusão, compromisso social, sustentabilidade.",
    "FormasIngresso": "Vestibular, Sisu, Enem, transferência, programas de mobilidade acadêmica",
    "ProcessoSeletivoData": "Aberto via Sisu",
    "Endereco": "Campus Universitário Lagoa Nova, Av. Sen. Salgado Filho, s/n - Lagoa Nova",
    "Cidade": "Natal",
    "Estado": "Rio Grande do Norte",
    "Diferenciais": "Programas de iniciação científica, parcerias com empresas e instituições de pesquisa, projetos de extensão voltados para a comunidade.",
    "CursosOferecidos": [
        "Administração",
        "Agronomia",
        "Arquitetura e Urbanismo",
        "Biomedicina",
        "Ciências Contábeis",
        "Ciências da Computação",
        "Ciências Econômicas",
        "Direito",
        "Educação Física",
        "Enfermagem",
        "Engenharia Civil",
        "Engenharia Elétrica",
        "Engenharia Mecânica",
        "Fisioterapia",
        "Geografia",
        "História",
        "Letras",
        "Matemática",
        "Medicina",
        "Nutrição",
        "Odontologia",
        "Psicologia",
        "Química",
        "Serviço Social"
    ],
    "ProcessoSeletivoDetalhes": "O processo seletivo é realizado por meio do Sisu e está aberto para inscrições."
}