{
    "Nome": "Universidade Federal Rural de Pernambuco (UFRPE)",
    "AreaAtuacao": "Educação superior, pesquisa científica, extensão comunitária",
    "Descricao": "A UFRPE é uma instituição pública de ensino superior comprometida com a formação de profissionais capacitados e a produção de conhecimento nas áreas das ciências agrárias, ambientais e sociais, contribuindo para o desenvolvimento sustentável.",
    "ContatoEmail": "comunicacao@ufrpe.br",
    "ContatoTelefone": "(81) 3320-6000",
    "ContatoSite": "www.ufrpe.br",
    "RedesSociais": "@ufrpe.oficial (Instagram, Twitter, Facebook)",
    "Missao": "Promover o ensino, a pesquisa e a extensão de qualidade, com compromisso ético e social, visando o desenvolvimento rural e a conservação do meio ambiente.",
    "Visao": "Ser uma universidade de referência nacional e internacional nas áreas das ciências agrárias, ambientais e sociais, contribuindo para a melhoria da qualidade de vida.",
    "Valores": "Ética, excelência, inclusão, compromisso social, sustentabilidade.",
    "FormasIngresso": "Vestibular, Sisu, Enem, transferência, programas de mobilidade acadêmica",
    "ProcessoSeletivoData": "Aberto, via Sisu",
    "Endereco": "Rua Manuel de Medeiros, s/n - Dois Irmãos",
    "Cidade": "Recife",
    "Estado": "Pernambuco",
    "Diferenciais": "Foco em ciências agrárias e ambientais, projetos de extensão com comunidades rurais, laboratórios especializados",
    "CursosOferecidos": [
        "Agronomia",
        "Ciências Biológicas",
        "Engenharia Agrícola e Ambiental",
        "Engenharia de Pesca",
        "Medicina Veterinária",
        "Zootecnia"
    ],
    "ProcessoSeletivoDetalhes": "Processo seletivo aberto, com diferentes formas de ingresso e datas importantes via Sisu."
}