{
    "Nome": "Universidade Federal Rural do Rio de Janeiro (UFRRJ)",
    "AreaAtuacao": "Educação superior, pesquisa científica, extensão comunitária, foco na agropecuária e nas ciências agrárias",
    "Descricao": "A UFRRJ é uma instituição pública de ensino superior comprometida com a formação de profissionais qualificados, a produção de conhecimento e o desenvolvimento sustentável. Promove a educação de qualidade, a pesquisa e a extensão, visando ao desenvolvimento humano, agrícola e regional. Tendo como objetivo ser reconhecida nacional e internacionalmente como uma universidade de excelência em ensino, pesquisa e extensão, comprometida com o desenvolvimento sustentável e a promoção da qualidade de vida.",
    "ContatoEmail": "comunicacao@ufrrj.br",
    "ContatoTelefone": "(21) 2681-4600",
    "ContatoSite": "www.ufrrj.br",
    "RedesSociais": "@ufrrjoficial (Instagram, Twitter, Facebook)",
    "Missao": "Promover a educação de qualidade, a pesquisa e a extensão, com ética e responsabilidade social, visando ao desenvolvimento humano, agrícola e regional.",
    "Visao": "Ser reconhecida nacional e internacionalmente como uma universidade de excelência em ensino, pesquisa e extensão, comprometida com o desenvolvimento sustentável e a promoção da qualidade de vida.",
    "Valores": "Ética, excelência, inclusão, compromisso social, sustentabilidade",
    "FormasIngresso": "Vestibular, Sisu, Enem, transferência, programas de mobilidade acadêmica",
    "ProcessoSeletivoData": "Aberto via Sisu",
    "Endereco": "Rodovia BR-465, km 7",
    "Cidade": "Seropédica",
    "Estado": "Rio de Janeiro",
    "Diferenciais": "Foco em ciências agrárias, infraestrutura de pesquisa agropecuária, parcerias com o setor produtivo",
    "CursosOferecidos": [
        "Administração",
        "Agronomia",
        "Biologia",
        "Ciências Biológicas",
        "Ciências Contábeis",
        "Ciências Econômicas",
        "Comunicação Social",
        "Direito",
        "Educação Física",
        "Enfermagem",
        "Engenharia Agrícola e Ambiental",
        "Engenharia Florestal",
        "Engenharia Química",
        "Farmácia",
        "Filosofia",
        "Física",
        "Geografia",
        "História",
        "Letras",
        "Matemática",
        "Medicina Veterinária",
        "Pedagogia",
        "Química",
        "Zootecnia"
    ],
    "ProcessoSeletivoDetalhes": "Processo seletivo aberto, datas importantes via Sisu"
}