{
    "Nome": "Universidade Federal de Roraima (UFRR)",
    "AreaAtuacao": "Educação superior, pesquisa científica, extensão comunitária",
    "Descricao": "A UFRR é uma instituição pública de ensino superior comprometida com a formação de profissionais qualificados e a produção de conhecimento científico e tecnológico, contribuindo para o desenvolvimento sustentável de Roraima e da Amazônia.",
    "ContatoEmail": "comunicacao@ufrr.br",
    "ContatoTelefone": "(95) 3621-3100",
    "ContatoSite": "www.ufrr.br",
    "RedesSociais": "@ufrr_oficial (Instagram, Twitter, Facebook)",
    "Missao": "Promover a educação de qualidade, a pesquisa e a extensão, com compromisso ético, social e ambiental, visando ao desenvolvimento humano e regional.",
    "Visao": "Ser reconhecida como uma universidade de excelência acadêmica e referência na produção de conhecimento voltado para as demandas da Amazônia.",
    "Valores": "Ética, excelência, inclusão, compromisso social, sustentabilidade",
    "FormasIngresso": "Vestibular, Sisu, Enem, transferência, programas de mobilidade acadêmica",
    "ProcessoSeletivoData": "Via Sisu",
    "Endereco": "Av. Cap. Ene Garcez, 2413 - Aeroporto",
    "Cidade": "Boa Vista",
    "Estado": "Roraima",
    "Diferenciais": "Programas de pesquisa em biodiversidade amazônica, intercâmbios acadêmicos com instituições internacionais, projetos de extensão com comunidades indígenas",
    "CursosOferecidos": [
        "Administração",
        "Agronomia",
        "Ciências Biológicas",
        "Ciências da Computação",
        "Direito",
        "Educação Física",
        "Engenharia Civil",
        "Engenharia de Produção",
        "Geografia",
        "História",
        "Letras",
        "Matemática",
        "Pedagogia",
        "Química"
    ],
    "ProcessoSeletivoDetalhes": "Processo seletivo aberto via Sisu, com diversas formas de ingresso disponíveis."
}