{
    "Nome": "Universidade Federal do Rio Grande do Sul (UFRGS)",
    "AreaAtuacao": "Educação superior, pesquisa científica, extensão comunitária",
    "Descricao": "A UFRGS é uma das principais instituições de ensino superior do Brasil, comprometida com a formação de profissionais qualificados, a produção de conhecimento e o desenvolvimento regional, nacional e internacional.",
    "ContatoEmail": "comunicacao@ufrgs.br",
    "ContatoTelefone": "(51) 3308-6000",
    "ContatoSite": "www.ufrgs.br",
    "RedesSociais": "@ufrgsoficial (Instagram, Twitter, Facebook)",
    "Missao": "Promover a educação de qualidade, a pesquisa e a extensão, com ética e responsabilidade social, visando ao desenvolvimento humano, científico, tecnológico, cultural e ambiental.",
    "Visao": "Ser reconhecida nacional e internacionalmente como uma universidade de excelência em ensino, pesquisa e extensão, comprometida com a promoção da cidadania, da diversidade e da sustentabilidade.",
    "Valores": "Ética, excelência, inclusão, compromisso social, sustentabilidade",
    "FormasIngresso": "Vestibular, Sisu, Enem, transferência, programas de mobilidade acadêmica",
    "ProcessoSeletivoData": "Aberto (Via Sisu)",
    "Endereco": "Av. Paulo Gama, 110 - Farroupilha",
    "Cidade": "Porto Alegre",
    "Estado": "Rio Grande do Sul",
    "Diferenciais": "Tradição acadêmica, infraestrutura de pesquisa, parcerias com instituições nacionais e internacionais.",
    "CursosOferecidos": [
        "Administração",
        "Agronomia",
        "Arquitetura e Urbanismo",
        "Arquivologia",
        "Astronomia",
        "Biblioteconomia",
        "Biotecnologia",
        "Ciência da Computação",
        "Ciências Atuariais",
        "Ciências Biológicas",
        "Ciências Contábeis",
        "Ciências Econômicas",
        "Ciências Sociais",
        "Cinema",
        "Design",
        "Direito",
        "Ecologia",
        "Educação Física",
        "Enfermagem",
        "Engenharia Ambiental",
        "Engenharia Cartográfica",
        "Engenharia Civil",
        "Engenharia de Alimentos",
        "Engenharia de Energia",
        "Engenharia de Materiais",
        "Engenharia de Minas",
        "Engenharia de Produção",
        "Engenharia de Telecomunicações",
        "Engenharia Elétrica",
        "Engenharia Física",
        "Engenharia Mecânica",
        "Engenharia Metalúrgica",
        "Engenharia Naval",
        "Engenharia Química",
        "Engenharia de Segurança do Trabalho",
        "Estatística",
        "Farmácia",
        "Filosofia",
        "Física",
        "Fisioterapia",
        "Fonoaudiologia",
        "Geografia",
        "Geologia",
        "História",
        "Jornalismo",
        "Letras",
        "Matemática",
        "Medicina",
        "Medicina Veterinária",
        "Meteorologia",
        "Música",
        "Nutrição",
        "Odontologia",
        "Pedagogia",
        "Psicologia",
        "Publicidade e Propaganda",
        "Química",
        "Relações Internacionais",
        "Secretariado Executivo",
        "Serviço Social",
        "Sistemas de Informação",
        "Teatro",
        "Terapia Ocupacional",
        "Turismo"
    ],
    "ProcessoSeletivoDetalhes": "O processo seletivo de ingresso é feito através de diferentes formas, como vestibular, Sisu, Enem, transferência, e programas de mobilidade acadêmica, com datas específicas divulgadas no site da instituição."
}