{
    "Nome": "Universidade Federal de Sergipe (UFS)",
    "AreaAtuacao": "Educação Superior e Pesquisa",
    "Descricao": "A Universidade Federal de Sergipe (UFS) é uma instituição pública de ensino superior e pesquisa, comprometida com a excelência acadêmica, inclusão social e desenvolvimento regional. Com infraestrutura moderna, corpo docente altamente qualificado, programas de assistência estudantil, integração com a comunidade e oportunidades de intercâmbio, a UFS oferece uma ampla variedade de cursos nas áreas de Administração, Agronomia, Arquitetura, Ciências da Computação, Direito, Enfermagem, Engenharia, Fisioterapia, Medicina, Nutrição, Psicologia, entre outros.",
    "ContatoEmail": "comunica@ufs.br",
    "ContatoTelefone": "+55 (79) 3194-6000",
    "ContatoSite": "www.ufs.br",
    "RedesSociais": "Facebook: @ufs.oficial | Instagram: @ufs_oficial | Twitter: @UFS_oficial",
    "Missao": "Promover o ensino, a pesquisa e a extensão de qualidade, contribuindo para o desenvolvimento científico, tecnológico, cultural e social.",
    "Visao": "Ser reconhecida nacional e internacionalmente como uma universidade de excelência, comprometida com a formação integral de profissionais e cidadãos.",
    "Valores": "Ética, compromisso social, inclusão, sustentabilidade, diversidade e excelência.",
    "FormasIngresso": "Vestibular, Sisu, Prouni, SiSU e transferência",
    "ProcessoSeletivoData": "Via Sisu - Aberto",
    "Endereco": "Av. Marechal Rondon, s/n - Jardim Rosa Elze",
    "Cidade": "São Cristóvão",
    "Estado": "Sergipe",
    "Diferenciais": "Infraestrutura moderna, corpo docente altamente qualificado, programas de assistência estudantil, integração com a comunidade e oportunidades de intercâmbio.",
    "CursosOferecidos": "Administração, Agronomia, Arquitetura, Ciência da Computação, Direito, Enfermagem, Engenharia, Fisioterapia, Medicina, Nutrição, Psicologia, entre outros.",
    "ProcessoSeletivoDetalhes": "O processo seletivo da UFS acontece via SiSU, com inscrições e datas específicas divulgadas no site da instituição."
}