{
    "Nome": "Universidade Federal do Sul da Bahia (UFSB)",
    "AreaAtuacao": "Educação superior, pesquisa e extensão",
    "Descricao": "A UFSB é uma universidade jovem e inovadora, criada para promover o desenvolvimento socioeconômico sustentável do sul da Bahia. Com um modelo acadêmico interdisciplinar, a UFSB oferece cursos de graduação, pós-graduação e programas de pesquisa e extensão que integram conhecimentos e práticas para enfrentar os desafios regionais e globais.",
    "ContatoEmail": "ufsb@ufsb.edu.br",
    "ContatoTelefone": "Não disponível",
    "ContatoSite": "www.ufsb.edu.br",
    "RedesSociais": "@UFSBOficial (Twitter, Facebook, Instagram)",
    "Missao": "Contribuir para a formação de cidadãos críticos, criativos e comprometidos com a transformação social e o desenvolvimento sustentável do sul da Bahia e do Brasil, por meio do ensino, pesquisa e extensão de qualidade.",
    "Visao": "Ser reconhecida nacional e internacionalmente como uma universidade de excelência, comprometida com a promoção da justiça social, da diversidade cultural e da inovação.",
    "Valores": "Integração, interdisciplinaridade, inclusão social, diversidade, ética, sustentabilidade, autonomia acadêmica e compromisso com a comunidade.",
    "FormasIngresso": "Sistema de Seleção Unificada (SISU), vestibular específico e outros programas de acesso",
    "ProcessoSeletivoData": "Datas do SISU",
    "Endereco": "Rodovia Ilhéus-Itabuna, Km 39 - Loteamento São Paulo",
    "Cidade": "Itabuna",
    "Estado": "Bahia",
    "Diferenciais": "Modelo acadêmico inovador, interdisciplinaridade, integração com a comunidade, parcerias nacionais e internacionais",
    "CursosOferecidos": [
        "Bacharelado Interdisciplinar em Artes",
        "Ciência e Tecnologia",
        "Humanidades",
        "Ciências Biológicas",
        "Engenharia de Energia",
        "Engenharia de Materiais",
        "Engenharia Ambiental e da Sustentabilidade",
        "Medicina",
        "Odontologia",
        "Psicologia",
        "Licenciatura em Ciências da Natureza",
        "Ciências Humanas",
        "Educação do Campo",
        "Matemática",
        "Música",
        "Pedagogia",
        "Interdisc"
    ],
    "ProcessoSeletivoDetalhes": "Processo seletivo aberto para o SISU, vestibular específico e outros programas de acesso."
}