{
    "Nome": "Universidade Federal de Santa Catarina (UFSC)",
    "AreaAtuacao": "Educação superior, pesquisa científica, extensão comunitária",
    "Descricao": "A UFSC é uma das principais instituições de ensino superior do Brasil, comprometida com a formação de profissionais qualificados, a produção de conhecimento e o desenvolvimento regional, nacional e internacional.",
    "ContatoEmail": "comunicacao@ufsc.br",
    "ContatoTelefone": "(48) 3721-9000",
    "ContatoSite": "www.ufsc.br",
    "RedesSociais": "@ufsc.oficial (Instagram, Twitter, Facebook)",
    "Missao": "Promover a educação de qualidade, a pesquisa e a extensão, com ética e responsabilidade social, visando ao desenvolvimento humano, científico, tecnológico, cultural e ambiental.",
    "Visao": "Ser reconhecida nacional e internacionalmente como uma universidade de excelência em ensino, pesquisa e extensão, comprometida com a promoção da cidadania, da diversidade e da sustentabilidade.",
    "Valores": "Ética, excelência, inclusão, compromisso social, sustentabilidade.",
    "FormasIngresso": "Vestibular, Sisu, Enem, transferência, programas de mobilidade acadêmica",
    "ProcessoSeletivoData": "Via Sisu",
    "Endereco": "Campus Universitário Reitor João David Ferreira Lima - Trindade",
    "Cidade": "Florianópolis",
    "Estado": "Santa Catarina",
    "Diferenciais": "Infraestrutura moderna, programas de intercâmbio internacional, parcerias com empresas e instituições de pesquisa",
    "CursosOferecidos": [
        "Administração",
        "Agronomia",
        "Arquitetura e Urbanismo",
        "Artes Cênicas",
        "Artes Visuais",
        "Biblioteconomia",
        "Biologia",
        "Biomedicina",
        "Biotecnologia",
        "Ciência da Computação",
        "Ciências Biológicas",
        "Ciências Contábeis",
        "Ciências Econômicas",
        "Ciências Sociais",
        "Cinema",
        "Design",
        "Direito",
        "Educação Física",
        "Enfermagem",
        "Engenharia Ambiental e Sanitária",
        "Engenharia Civil",
        "Engenharia de Alimentos",
        "Engenharia de Aquicultura",
        "Engenharia de Automação e Controle",
        "Engenharia de Bioprocessos e Biotecnologia",
        "Engenharia de Computação",
        "Engenharia de Controle e Automação",
        "Engenharia de Energia",
        "Engenharia de Materiais",
        "Engenharia de Produção",
        "Engenharia de Transportes e Logística",
        "Engenharia Elétrica",
        "Engenharia Mecânica",
        "Engenharia Naval",
        "Engenharia Química",
        "Farmácia",
        "Filosofia",
        "Física",
        "Fisioterapia",
        "Fonoaudiologia",
        "Geografia",
        "Geologia",
        "História",
        "Jornalismo",
        "Letras",
        "Matemática",
        "Medicina",
        "Medicina Veterinária",
        "Meteorologia",
        "Música",
        "Nutrição",
        "Oceanografia",
        "Odontologia",
        "Pedagogia",
        "Psicologia",
        "Química",
        "Relações Internacionais",
        "Serviço Social",
        "Teatro",
        "Terapia Ocupacional",
        "Turismo"
    ],
    "ProcessoSeletivoDetalhes": "O processo seletivo é realizado através do Sisu."
}