{
    "Nome": "Universidade Federal de Santa Maria (UFSM)",
    "AreaAtuacao": "Educação superior, pesquisa científica, extensão comunitária",
    "Descricao": "A UFSM é uma instituição pública de ensino superior comprometida com a formação de profissionais qualificados, a produção de conhecimento e o desenvolvimento regional, promovendo a inclusão social e a sustentabilidade.",
    "ContatoEmail": "comunicacao@ufsm.br",
    "ContatoTelefone": "(55) 3220-8000",
    "ContatoSite": "www.ufsm.br",
    "RedesSociais": "@ufsm.oficial (Instagram, Twitter, Facebook)",
    "Missao": "Promover a educação superior, a pesquisa e a extensão, com qualidade e relevância social, visando ao desenvolvimento humano e regional.",
    "Visao": "Ser reconhecida nacional e internacionalmente como uma universidade de excelência em ensino, pesquisa e extensão, comprometida com a promoção da cidadania, da diversidade e da sustentabilidade.",
    "Valores": "Ética, excelência, inclusão, compromisso social, sustentabilidade",
    "FormasIngresso": "Vestibular, Sisu, Enem, transferência, programas de mobilidade acadêmica",
    "ProcessoSeletivoData": "Aberto, Via Sisu",
    "Endereco": "Av. Roraima, 1000 - Camobi",
    "Cidade": "Santa Maria",
    "Estado": "Rio Grande do Sul",
    "Diferenciais": "Infraestrutura de pesquisa de ponta, parcerias com instituições nacionais e internacionais, diversidade de cursos",
    "CursosOferecidos": [
        "Administração",
        "Agronomia",
        "Arquitetura e Urbanismo",
        "..."
    ],
    "ProcessoSeletivoDetalhes": "O processo seletivo está aberto e as inscrições são realizadas via Sisu. Diversas formas de ingresso são aceitas, incluindo vestibular, Enem, transferência e programas de mobilidade acadêmica."
}