{
    "Nome": "Universidade Federal do Tocantins (UFT)",
    "AreaAtuacao": "Educação superior, pesquisa científica, extensão comunitária",
    "Descricao": "A Universidade Federal do Tocantins (UFT) é uma instituição pública de ensino superior comprometida com a formação de profissionais qualificados e a produção de conhecimento científico e tecnológico, contribuindo para o desenvolvimento sustentável do Tocantins e da região Norte do Brasil.",
    "ContatoEmail": "comunicacao@uft.edu.br",
    "ContatoTelefone": "(63) 3232-8000",
    "ContatoSite": "www.uft.edu.br",
    "RedesSociais": "@uft_oficial (Instagram, Twitter, Facebook)",
    "Missao": "Promover a educação de qualidade, a pesquisa e a extensão, com ética e responsabilidade social, visando ao desenvolvimento humano e regional.",
    "Visao": "Ser reconhecida como uma universidade de excelência acadêmica e referência na produção de conhecimento voltado para as demandas locais e regionais.",
    "Valores": "Ética, excelência, inclusão, compromisso social, sustentabilidade",
    "FormasIngresso": "Vestibular, Sisu, Enem, transferência, programas de mobilidade acadêmica",
    "ProcessoSeletivoData": "Aberto, Via Sisu",
    "Endereco": "Avenida NS 15, s/n - ALCNO 14",
    "Cidade": "Palmas",
    "Estado": "Tocantins",
    "Diferenciais": "Programas de pesquisa em ciências agrárias, projetos de extensão com comunidades indígenas, laboratórios de ciências ambientais",
    "CursosOferecidos": [
        "Administração",
        "Agronomia",
        "Arquitetura e Urbanismo",
        "Biologia",
        "Ciências Contábeis",
        "Direito",
        "Educação Física",
        "Enfermagem",
        "Engenharia Civil",
        "Física",
        "Geografia",
        "História",
        "Letras",
        "Matemática",
        "Medicina",
        "Pedagogia",
        "Química"
    ],
    "ProcessoSeletivoDetalhes": "Processo seletivo aberto, datas importantes via Sisu"
}