{
    "Nome": "Universidade Federal do Triângulo Mineiro (UFTM)",
    "AreaAtuacao": "Educação superior, pesquisa científica, extensão comunitária",
    "Descricao": "A UFTM é uma instituição pública de ensino superior comprometida com a formação de profissionais qualificados, a produção de conhecimento e o desenvolvimento regional, promovendo a inclusão social e a sustentabilidade.",
    "ContatoEmail": "comunicacao@uftm.edu.br",
    "ContatoTelefone": "(34) 3700-6100",
    "ContatoSite": "www.uftm.edu.br",
    "RedesSociais": "@uftmoficial (Instagram, Twitter, Facebook)",
    "Missao": "Promover a educação superior, a pesquisa e a extensão, com qualidade e relevância social, visando ao desenvolvimento humano e regional.",
    "Visao": "Ser reconhecida nacional e internacionalmente como uma universidade de excelência em ensino, pesquisa e extensão, comprometida com a promoção da cidadania, da diversidade e da sustentabilidade.",
    "Valores": "Ética, excelência, inclusão, compromisso social, sustentabilidade",
    "FormasIngresso": "Vestibular, Sisu, Enem, transferência, programas de mobilidade acadêmica",
    "ProcessoSeletivoData": "Via Sisu",
    "Endereco": "Praça Manoel Terra, 330 - Abadia",
    "Cidade": "Uberaba",
    "Estado": "Minas Gerais",
    "Diferenciais": "Foco na área da saúde, integração entre ensino, pesquisa e extensão, campus bem estruturado",
    "CursosOferecidos": [
        "Administração",
        "Agronomia",
        "Biomedicina",
        "Ciência da Computação",
        "Ciências Biológicas",
        "Ciências Econômicas",
        "Direito",
        "Educação Física",
        "Enfermagem",
        "Engenharia Biomédica",
        "Engenharia Civil",
        "Engenharia de Produção",
        "Engenharia Elétrica",
        "Farmácia",
        "Física",
        "Fisioterapia",
        "Geografia",
        "História",
        "Letras",
        "Matemática",
        "Medicina",
        "Nutrição",
        "Odontologia",
        "Pedagogia",
        "Psicologia",
        "Química",
        "Terapia Ocupacional",
        "Zootecnia"
    ],
    "ProcessoSeletivoDetalhes": "Processo seletivo aberto, datas via Sisu"
}