{
    "Nome": "Universidade Federal de Uberlândia (UFU)",
    "AreaAtuacao": "Educação superior, pesquisa científica, extensão comunitária",
    "Descricao": "A UFU é uma instituição pública de ensino superior reconhecida pela excelência acadêmica e comprometida com a formação de profissionais qualificados, a produção de conhecimento e o desenvolvimento regional. Oferece uma variedade de cursos de graduação e pós-graduação, promovendo a educação de qualidade, a pesquisa e a extensão, com ética e responsabilidade social.",
    "ContatoEmail": "comunicacao@ufu.br",
    "ContatoTelefone": "(34) 3239-4100",
    "ContatoSite": "www.ufu.br",
    "RedesSociais": "@ufuberlandia (Instagram, Twitter, Facebook)",
    "Missao": "Promover a educação de qualidade, a pesquisa e a extensão, com ética e responsabilidade social, visando ao desenvolvimento humano e regional.",
    "Visao": "Ser uma universidade de referência nacional e internacional em ensino, pesquisa e extensão, contribuindo para a transformação da sociedade.",
    "Valores": "Ética, excelência, inclusão, compromisso social, sustentabilidade.",
    "FormasIngresso": "Vestibular, Sisu, Enem, transferência, programas de mobilidade acadêmica.",
    "ProcessoSeletivoData": "Aberto, via Sisu",
    "Endereco": "Av. João Naves de Ávila, 2121 - Santa Mônica",
    "Cidade": "Uberlândia",
    "Estado": "Minas Gerais",
    "Diferenciais": "Centro de excelência em pesquisa, parcerias com o setor produtivo, campus moderno e bem estruturado.",
    "CursosOferecidos": [
        "Administração",
        "Agronomia",
        "Arquitetura e Urbanismo",
        "Biomedicina",
        "Ciência da Computação",
        "Ciências Biológicas",
        "Ciências Contábeis",
        "Direito",
        "Economia",
        "Educação Física",
        "Engenharia Civil",
        "Engenharia Elétrica",
        "Engenharia Mecânica",
        "Farmácia",
        "Física",
        "Geografia",
        "História",
        "Letras",
        "Matemática",
        "Medicina",
        "Nutrição",
        "Odontologia",
        "Psicologia",
        "Química",
        "Zootecnia"
    ],
    "ProcessoSeletivoDetalhes": "O processo seletivo da UFU é aberto e as datas importantes são informadas através do Sisu."
}