{
    "Nome": "Universidade Federal de Viçosa (UFV)",
    "AreaAtuacao": "Educação superior, pesquisa científica, extensão comunitária",
    "Descricao": "A UFV é uma instituição pública de ensino superior reconhecida nacional e internacionalmente pela qualidade de ensino, pesquisa e extensão, com foco na formação integral dos estudantes e no desenvolvimento sustentável.",
    "ContatoEmail": "comunicacao@ufv.br",
    "ContatoTelefone": "(31) 3899-4000",
    "ContatoSite": "www.ufv.br",
    "RedesSociais": "@ufv.oficial (Instagram, Twitter, Facebook)",
    "Missao": "Promover a educação de qualidade, a pesquisa e a extensão, com ética e responsabilidade social, visando ao desenvolvimento humano e regional.",
    "Visao": "Ser uma universidade de excelência acadêmica e referência na geração e disseminação de conhecimento, contribuindo para o desenvolvimento socioeconômico e ambiental.",
    "Valores": "Ética, excelência, inclusão, compromisso social, sustentabilidade",
    "FormasIngresso": "Vestibular, Sisu, Enem, transferência, programas de mobilidade acadêmica",
    "ProcessoSeletivoData": "Aberto (Via Sisu)",
    "Endereco": "Campus Universitário - Viçosa",
    "Cidade": "Viçosa",
    "Estado": "Minas Gerais",
    "Diferenciais": "Tradição em ciências agrárias, forte interação com o setor agropecuário, infraestrutura de pesquisa avançada",
    "CursosOferecidos": [
        "Administração",
        "Agronomia",
        "Arquitetura e Urbanismo",
        "Biologia",
        "Biotecnologia",
        "Ciência da Computação",
        "Ciências Biológicas",
        "Ciências Contábeis",
        "Ciências Econômicas",
        "Direito",
        "Educação Física",
        "Engenharia Civil",
        "Engenharia Elétrica",
        "Engenharia Florestal",
        "Engenharia Mecânica",
        "Engenharia Química",
        "Farmácia",
        "Física",
        "Geografia",
        "História",
        "Letras",
        "Matemática",
        "Medicina Veterinária",
        "Nutrição",
        "Química",
        "Zootecnia"
    ],
    "ProcessoSeletivoDetalhes": "Processo seletivo aberto, com vagas disponíveis através do Sisu"
}