{
    "Nome": "Universidade Federal dos Vales do Jequitinhonha e Mucuri (UFVJM)",
    "AreaAtuacao": "Educação superior, pesquisa científica, extensão comunitária",
    "Descricao": "A UFVJM é uma instituição pública de ensino superior comprometida com a formação de profissionais qualificados, a produção de conhecimento e o desenvolvimento regional, promovendo a inclusão social e a sustentabilidade.",
    "ContatoEmail": "comunicacao@ufvjm.edu.br",
    "ContatoTelefone": "(38) 3532-1200",
    "ContatoSite": "www.ufvjm.edu.br",
    "RedesSociais": "@ufvjm (Instagram, Twitter, Facebook)",
    "Missao": "Promover a educação superior, a pesquisa e a extensão, com qualidade e relevância social, visando ao desenvolvimento humano e regional.",
    "Visao": "Ser reconhecida nacional e internacionalmente como uma universidade de excelência em ensino, pesquisa e extensão, comprometida com a promoção da cidadania, da diversidade e da sustentabilidade.",
    "Valores": "Ética, excelência, inclusão, compromisso social, sustentabilidade",
    "FormasIngresso": "Vestibular, Sisu, Enem, transferência, programas de mobilidade acadêmica",
    "ProcessoSeletivoData": "Aberto, Via Sisu",
    "Endereco": "Campus JK - Diamantina",
    "Cidade": "Diamantina",
    "Estado": "Minas Gerais",
    "Diferenciais": "Foco na área de ciências humanas e sociais, integração entre ensino, pesquisa e extensão, campus em região histórica e culturalmente rica",
    "CursosOferecidos": [
        "Administração",
        "Agronomia",
        "Arqueologia",
        "Ciências Biológicas",
        "Ciências Sociais",
        "Direito",
        "Enfermagem",
        "Engenharia de Agrimensura e Cartográfica",
        "Engenharia de Alimentos",
        "Engenharia Florestal",
        "Geografia",
        "História",
        "Letras",
        "Medicina",
        "Medicina Veterinária",
        "Nutrição",
        "Pedagogia",
        "Química",
        "Sistemas de Informação"
    ],
    "ProcessoSeletivoDetalhes": "O processo seletivo é aberto e as datas devem ser verificadas através do Sisu."
}