{
    "Nome": "Universidade de Brasília (UnB)",
    "AreaAtuacao": "Educação Superior e Pesquisa",
    "Descricao": "A Universidade de Brasília (UnB) é uma instituição pública de ensino superior reconhecida pela excelência acadêmica e contribuição para o desenvolvimento socioeconômico e cultural. Oferece diversos cursos de graduação, pós-graduação e extensão.",
    "ContatoEmail": "comunica@unb.br",
    "ContatoTelefone": "(61) 3107-3300",
    "ContatoSite": "https://www.unb.br",
    "RedesSociais": {
        "Facebook": "https://www.facebook.com/unb.oficial",
        "Twitter": "https://twitter.com/unb_oficial",
        "Instagram": "https://www.instagram.com/unboficial/"
    },
    "Missao": "Promover a formação integral do cidadão, por meio do ensino, pesquisa e extensão, contribuindo para o desenvolvimento sustentável.",
    "Visao": "Ser reconhecida nacional e internacionalmente como referência em excelência acadêmica e transformação social.",
    "Valores": [
        "Ética",
        "Excelência",
        "Inclusão",
        "Responsabilidade socioambiental",
        "Autonomia",
        "Diversidade",
        "Inovação"
    ],
    "FormasIngresso": [
        "Vestibular",
        "SiSU",
        "Programa de Avaliação Seriada (PAS)",
        "Programas específicos de ingresso"
    ],
    "ProcessoSeletivoData": "As provas acontecem em 25 e 26 de novembro. As inscrições foram feitas entre os dias 22 de agosto a 19 de setembro.",
    "Endereco": "Campus Universitário Darcy Ribeiro, Gleba A, Brasília - DF, CEP 70910-900, Brasil",
    "Cidade": "Brasília",
    "Estado": "DF",
    "Diferenciais": {
        "Infraestrutura": "moderna",
        "CorpoDocente": "qualificado",
        "ProgramasPesquisaExtensao": "disponíveis"
    },
    "CursosOferecidos": [
        "Graduação",
        "Pós-graduação",
        "Extensão"
    ],
    "ProcessoSeletivoDetalhes": {
        "Provas": [
            "Conhecimentos gerais",
            "Conhecimentos específicos",
            "Redação"
        ]
    }
}