{
    "Nome": "Universidade Federal do Sul e Sudeste do Pará (UNIFESSPA)",
    "AreaAtuacao": "Educação superior, pesquisa científica, extensão comunitária",
    "Descricao": "A UNIFESSPA é uma instituição pública de ensino superior comprometida com o desenvolvimento socioeconômico e cultural do sul e sudeste do Pará, através da formação de profissionais qualificados e da produção de conhecimento científico e tecnológico.",
    "ContatoEmail": "comunicacao@unifesspa.edu.br",
    "ContatoTelefone": "(94) 2101-7140",
    "ContatoSite": "www.unifesspa.edu.br",
    "RedesSociais": "@unifesspa (Instagram, Twitter, Facebook)",
    "Missao": "Promover a educação superior, a pesquisa e a extensão, com ética e responsabilidade social, visando ao desenvolvimento humano e regional.",
    "Visao": "Ser reconhecida como uma universidade de excelência acadêmica e referência na produção de conhecimento voltado para as demandas locais e regionais.",
    "Valores": "Ética, excelência, inclusão, compromisso social, sustentabilidade",
    "FormasIngresso": "Vestibular, Sisu, Enem, transferência, programas de mobilidade acadêmica",
    "ProcessoSeletivoData": "Via Sisu, processo seletivo aberto",
    "Endereco": "Rodovia BR-155, Km 03, s/n - Nova Marabá",
    "Cidade": "Marabá",
    "Estado": "Pará",
    "Diferenciais": "Integração com as comunidades locais, projetos de pesquisa aplicada, parcerias com empresas e instituições públicas",
    "CursosOferecidos": [
        "Administração",
        "Arqueologia",
        "Ciências Biológicas",
        "Direito",
        "Educação Física",
        "Engenharia Civil",
        "Geografia",
        "História",
        "Letras",
        "Matemática",
        "Pedagogia",
        "Química"
    ],
    "ProcessoSeletivoDetalhes": "O processo seletivo é realizado através do Sisu, com as datas definidas pelo mesmo"
}