{
    "Nome": "Universidade Federal do Amapá (UNIFAP)",
    "AreaAtuacao": "Educação superior, pesquisa científica, extensão comunitária",
    "Descricao": "A UNIFAP é uma instituição pública de ensino superior comprometida com a formação de profissionais qualificados e a produção de conhecimento científico e tecnológico, contribuindo para o desenvolvimento do Amapá e da região amazônica.",
    "ContatoEmail": "comunicacao@unifap.br",
    "ContatoTelefone": "(96) 3312-1700",
    "ContatoSite": "www.unifap.br",
    "RedesSociais": "@unifap.oficial (Instagram, Twitter, Facebook)",
    "Missao": "Promover a educação superior, a pesquisa e a extensão, com ética e responsabilidade social, visando ao desenvolvimento humano e regional.",
    "Visao": "Ser reconhecida como uma universidade de excelência acadêmica e referência na produção de conhecimento voltado para as demandas locais e regionais.",
    "Valores": "Ética, excelência, inclusão, compromisso social, sustentabilidade",
    "FormasIngresso": "Vestibular, Sisu, Enem, transferência, programas de mobilidade acadêmica",
    "ProcessoSeletivoData": "Aberto via Sisu",
    "Endereco": "Rodovia Juscelino Kubitschek, Km 02 - Jardim Marco Zero",
    "Cidade": "Macapá",
    "Estado": "Amapá",
    "Diferenciais": "Programas de pesquisa em biodiversidade amazônica, projetos de extensão com comunidades tradicionais, laboratórios de ciências ambientais",
    "CursosOferecidos": "Administração, Agronomia, Biologia, Ciências Contábeis, Ciências da Computação, Direito, Educação Física, Enfermagem, Engenharia Civil, Física, Geografia, História, Letras, Matemática, Medicina, Pedagogia, Química",
    "ProcessoSeletivoDetalhes": "O processo seletivo está aberto e ocorre via Sisu, com diversas formas de ingresso disponíveis."
}