{
    "Nome": "Universidade Federal de Itajubá (UNIFEI)",
    "AreaAtuacao": "Educação superior, pesquisa científica, extensão comunitária",
    "Descricao": "A UNIFEI é uma instituição pública de ensino superior comprometida com a formação de profissionais qualificados e a produção de conhecimento científico e tecnológico, contribuindo para o desenvolvimento socioeconômico do Brasil.",
    "ContatoEmail": "comunicacao@unifei.edu.br",
    "ContatoTelefone": "(35) 3629-1000",
    "ContatoSite": "www.unifei.edu.br",
    "RedesSociais": "@unifeioficial (Instagram, Twitter, Facebook)",
    "Missao": "Promover a educação de qualidade, a pesquisa e a extensão, com ética e responsabilidade social, visando ao desenvolvimento humano e regional.",
    "Visao": "Ser reconhecida como uma universidade de excelência acadêmica e referência na produção de conhecimento voltado para as demandas da sociedade e do mercado.",
    "Valores": "Ética, excelência, inclusão, compromisso social, sustentabilidade",
    "FormasIngresso": "Vestibular, Sisu, Enem, transferência, programas de mobilidade acadêmica",
    "ProcessoSeletivoData": "Aberto (Via Sisu)",
    "Endereco": "Avenida BPS, 1303 - Pinheirinho",
    "Cidade": "Itajubá",
    "Estado": "Minas Gerais",
    "Diferenciais": "Tradição em engenharias, parcerias com empresas e instituições de pesquisa, incubadora de empresas",
    "CursosOferecidos": [
        "Administração",
        "Engenharia Aeronáutica",
        "Engenharia Ambiental",
        "Engenharia Civil",
        "Engenharia da Computação",
        "Engenharia de Controle e Automação",
        "Engenharia de Energia",
        "Engenharia de Materiais",
        "Engenharia de Produção",
        "Engenharia Elétrica",
        "Engenharia Mecânica",
        "Engenharia Química",
        "Física",
        "Matemática"
    ],
    "ProcessoSeletivoDetalhes": "O processo seletivo da UNIFEI é aberto e realizado via Sisu. Diferentes formas de ingresso são aceitas, como vestibular, Enem, transferência e programas de mobilidade acadêmica."
}