{
    "Nome": "Universidade Federal de Alfenas (UNIFAL)",
    "AreaAtuacao": "Educação superior, pesquisa científica, extensão comunitária",
    "Descricao": "A UNIFAL é uma instituição pública de ensino superior comprometida com a formação de profissionais qualificados e a produção de conhecimento científico e tecnológico, contribuindo para o desenvolvimento regional e nacional.",
    "ContatoEmail": "comunicacao@unifal-mg.edu.br",
    "ContatoTelefone": "(35) 3299-1000",
    "ContatoSite": "www.unifal-mg.edu.br",
    "RedesSociais": "@unifalmg (Instagram, Twitter, Facebook)",
    "Missao": "Promover a educação de qualidade, a pesquisa e a extensão, com ética e responsabilidade social, visando ao desenvolvimento humano e regional.",
    "Visao": "Ser reconhecida como uma universidade de excelência acadêmica e referência na produção de conhecimento voltado para as demandas locais e regionais.",
    "Valores": "Ética, excelência, inclusão, compromisso social, sustentabilidade",
    "FormasIngresso": "Vestibular, Sisu, Enem, transferência, programas de mobilidade acadêmica",
    "ProcessoSeletivoData": "Aberto via Sisu",
    "Endereco": "Avenida Jovino Fernandes Salles, 2600 - Santa Clara",
    "Cidade": "Alfenas",
    "Estado": "Minas Gerais",
    "Diferenciais": "Foco na interdisciplinaridade, infraestrutura de pesquisa avançada, inserção regional",
    "CursosOferecidos": [
        "Administração",
        "Ciências Biológicas",
        "Ciência da Computação",
        "Direito",
        "Educação Física",
        "Enfermagem",
        "Engenharia Ambiental e Sanitária",
        "Engenharia de Produção",
        "Farmácia",
        "Física",
        "Geografia",
        "História",
        "Letras",
        "Matemática",
        "Medicina",
        "Nutrição",
        "Química"
    ],
    "ProcessoSeletivoDetalhes": "O processo seletivo é realizado por meio do Sisu, sendo aberto para inscrição."
}