{
    "Nome": "Universidade Federal da Lusofonia Afro-Brasileira (UNILAB)",
    "AreaAtuacao": "Educação superior, pesquisa e extensão",
    "Descricao": "A UNILAB é uma universidade que promove a integração e cooperação entre o Brasil e os países africanos de língua oficial portuguesa, além de outros países com os quais o Brasil mantém laços históricos e culturais. Contribui para o desenvolvimento humano, social e econômico desses países por meio da formação de profissionais qualificados e da produção e disseminação do conhecimento.",
    "ContatoEmail": "unilab@unilab.edu.br",
    "ContatoTelefone": "Não informado",
    "ContatoSite": "www.unilab.edu.br",
    "RedesSociais": "@UNILABOficial (Twitter, Facebook, Instagram)",
    "Missao": "Promover a integração e cooperação entre o Brasil e os países africanos de língua oficial portuguesa, além de outros países lusófonos, por meio da educação, pesquisa e extensão, contribuindo para o desenvolvimento humano, social e econômico dessas nações.",
    "Visao": "Ser reconhecida como uma universidade de excelência na promoção da lusofonia e da diversidade cultural, contribuindo para a formação de cidadãos globais e conscientes de sua responsabilidade social.",
    "Valores": "Integração, cooperação, diversidade, inclusão, excelência acadêmica, compromisso social, respeito à pluralidade cultural e promoção da igualdade.",
    "FormasIngresso": "Sistema de Seleção Unificada (SISU), vestibular específico e outros programas de acesso",
    "ProcessoSeletivoData": "Via Sisu",
    "Endereco": "Rua José Milton de Vasconcelos, s/n - Lagoa das Pedras",
    "Cidade": "Redenção",
    "Estado": "Ceará",
    "Diferenciais": "Proposta educacional inovadora que valoriza a diversidade cultural e promove o diálogo intercultural entre estudantes de diferentes origens étnicas, culturais e socioeconômicas.",
    "CursosOferecidos": [
        "Administração Pública",
        "Agronomia",
        "Antropologia",
        "Ciências da Natureza",
        "Ciências Econômicas",
        "Ciências Sociais",
        "Enfermagem",
        "Engenharia de Energias",
        "Engenharia de Materiais",
        "Engenharia de Pesca",
        "Engenharia de Software",
        "Engenharia Química",
        "Farmácia",
        "Filosofia",
        "Geografia",
        "História",
        "Letras",
        "Matemática",
        "Medicina",
        "Nutrição",
        "Pedagogia",
        "Relações Internacionais",
        "Saúde Coletiva",
        "Sociologia"
    ],
    "ProcessoSeletivoDetalhes": "O processo seletivo é aberto e as datas importantes são divulgadas via Sisu."
}