{
    "Nome": "Universidade Federal da Integração Latino-Americana (UNILA)",
    "AreaAtuacao": "Educação superior, pesquisa científica, extensão comunitária",
    "Descricao": "A UNILA é uma instituição pública de ensino superior comprometida com a integração regional e a promoção da diversidade cultural, étnica e linguística da América Latina, por meio da formação de profissionais qualificados, da produção de conhecimento e da extensão universitária.",
    "ContatoEmail": "comunicacao@unila.edu.br",
    "ContatoTelefone": "(45) 3576-7334",
    "ContatoSite": "www.unila.edu.br",
    "RedesSociais": "@unilaoficial (Instagram, Twitter, Facebook)",
    "Missao": "Promover a educação superior, a pesquisa e a extensão, com qualidade e relevância social, visando ao desenvolvimento humano e à integração latino-americana.",
    "Visao": "Ser reconhecida como uma universidade de referência internacional em ensino, pesquisa e extensão, comprometida com a integração e o desenvolvimento sustentável da América Latina.",
    "Valores": "Ética, excelência, inclusão, compromisso social, integração latino-americana.",
    "FormasIngresso": "Vestibular, Sisu, Enem, transferência, programas de mobilidade acadêmica",
    "ProcessoSeletivoData": "Aberto via Sisu",
    "Endereco": "Av. Tarquínio Joslin dos Santos, 1000",
    "Cidade": "Foz do Iguaçu",
    "Estado": "Paraná",
    "Diferenciais": "Foco na integração regional, diversidade cultural e linguística, intercâmbio acadêmico com países da América Latina.",
    "CursosOferecidos": [
        "Administração Pública e Política",
        "Antropologia",
        "Artes Visuais",
        "Biodiversidade Neotropical",
        "Ciência Política",
        "Ciências Biológicas",
        "Ciências Econômicas",
        "Ciências Sociais",
        "Engenharia Civil",
        "Engenharia de Energias Renováveis",
        "Engenharia de Materiais",
        "Engenharia de Redes e Sistemas de Telecomunicações",
        "Engenharia de Software",
        "Engenharia Elétrica",
        "Engenharia Mecânica",
        "Filosofia",
        "Geografia",
        "História",
        "Integração Latino-Americana",
        "Letras",
        "Matemática",
        "Medicina",
        "Medicina Intercultural",
        "Química",
        "Relações Internacionais"
    ],
    "ProcessoSeletivoDetalhes": "O processo seletivo ocorre por meio do Sisu, com datas de inscrição e seleção disponíveis no site da instituição."
}