{
    "Nome": "Universidade Federal do Pampa (UNIPAMPA)",
    "AreaAtuacao": "Educação superior, pesquisa científica, extensão comunitária",
    "Descricao": "A UNIPAMPA é uma instituição pública de ensino superior comprometida com a formação de profissionais qualificados, a produção de conhecimento e o desenvolvimento regional, promovendo a inclusão social e a sustentabilidade.",
    "ContatoEmail": "comunicacao@unipampa.edu.br",
    "ContatoTelefone": "(53) 3240-5432",
    "ContatoSite": "www.unipampa.edu.br",
    "RedesSociais": "@unipampaoficial (Instagram, Twitter, Facebook)",
    "Missao": "Promover a educação superior, a pesquisa e a extensão, com qualidade e relevância social, visando ao desenvolvimento humano e regional.",
    "Visao": "Ser reconhecida nacional e internacionalmente como uma universidade de excelência em ensino, pesquisa e extensão, comprometida com a promoção da cidadania, da diversidade e da sustentabilidade.",
    "Valores": "Ética, excelência, inclusão, compromisso social, sustentabilidade.",
    "FormasIngresso": "Vestibular, Sisu, Enem, transferência, programas de mobilidade acadêmica",
    "ProcessoSeletivoData": "Via Sisu",
    "Endereco": "Av. Antonio Trilha, 1847 - Bairro do Campus, Bagé - RS, 96413-170",
    "Cidade": "Bagé",
    "Estado": "Rio Grande do Sul",
    "Diferenciais": "Foco na interdisciplinaridade, integração com a comunidade, atuação em projetos de desenvolvimento regional.",
    "CursosOferecidos": [
        "Administração",
        "Agronomia",
        "Arquitetura e Urbanismo",
        "Ciências Biológicas",
        "Ciências da Natureza",
        "Ciências Econômicas",
        "Ciências Sociais",
        "Direito",
        "Educação do Campo",
        "Engenharia Agrícola e Ambiental",
        "Engenharia Civil",
        "Engenharia de Alimentos",
        "Engenharia de Aquicultura",
        "Engenharia de Computação",
        "Engenharia de Controle e Automação",
        "Engenharia de Energia",
        "Engenharia de Software",
        "Engenharia Elétrica",
        "Engenharia Mecânica",
        "Engenharia Química",
        "Geografia",
        "História",
        "Letras",
        "Matemática",
        "Medicina Veterinária",
        "Pedagogia",
        "Química",
        "Sistemas de Informação",
        "Zootecnia"
    ],
    "ProcessoSeletivoDetalhes": "O processo seletivo da UNIPAMPA é aberto e realizado via Sisu."
}