{
    "Nome": "Universidade Federal do Estado do Rio de Janeiro (UNIRIO)",
    "AreaAtuacao": "Educação superior, pesquisa científica, extensão comunitária",
    "Descricao": "A UNIRIO é uma instituição pública de ensino superior comprometida com a formação de profissionais qualificados, a produção de conhecimento e a promoção da saúde, da cultura e da cidadania, contribuindo para o desenvolvimento sustentável da sociedade.",
    "ContatoEmail": "comunicacao@unirio.br",
    "ContatoTelefone": "(21) 2542-2000",
    "ContatoSite": "www.unirio.br",
    "RedesSociais": "@uniriooficial (Instagram, Twitter, Facebook)",
    "Missao": "Promover a educação de qualidade, a pesquisa e a extensão, com ética e responsabilidade social, visando à formação integral de cidadãos e ao desenvolvimento humano e regional.",
    "Visao": "Ser reconhecida nacional e internacionalmente como uma universidade de excelência em ensino, pesquisa e extensão, comprometida com a promoção da saúde, da cultura e da cidadania.",
    "Valores": "Ética, excelência, inclusão, compromisso social, sustentabilidade",
    "FormasIngresso": "Vestibular, Sisu, Enem, transferência, programas de mobilidade acadêmica",
    "ProcessoSeletivoData": "Aberto via Sisu",
    "Endereco": "Av. Pasteur, 296 - Urca",
    "Cidade": "Rio de Janeiro",
    "Estado": "Rio de Janeiro",
    "Diferenciais": "Foco na área da saúde, parcerias com instituições de saúde e culturais, localização privilegiada",
    "CursosOferecidos": [
        "Administração",
        "Arquivologia",
        "Biblioteconomia",
        "Biomedicina",
        "Ciências Biológicas",
        "Ciências Contábeis",
        "Ciências Econômicas",
        "Ciências Sociais",
        "Dança",
        "Design",
        "Direito",
        "Enfermagem",
        "Engenharia Ambiental",
        "Engenharia Civil",
        "Engenharia de Produção",
        "Engenharia Elétrica",
        "Farmácia",
        "Fisioterapia",
        "Fonoaudiologia",
        "Geografia",
        "História",
        "Letras",
        "Matemática",
        "Medicina",
        "Música",
        "Nutrição",
        "Odontologia",
        "Pedagogia",
        "Psicologia",
        "Química",
        "Relações Internacionais",
        "Serviço Social",
        "Teatro",
        "Terapia Ocupacional"
    ],
    "ProcessoSeletivoDetalhes": "Aberto para diferentes formas de ingresso, como vestibular, Sisu, Enem, transferência e programas de mobilidade acadêmica."
}