{
    "Nome": "Universidade Federal de Rondônia (UNIR)",
    "AreaAtuacao": "Educação superior, pesquisa científica, extensão comunitária",
    "Descricao": "A UNIR é uma instituição pública de ensino superior comprometida com a produção e disseminação do conhecimento, contribuindo para o desenvolvimento regional e a formação de cidadãos críticos e comprometidos com a sociedade.",
    "ContatoEmail": "comunicacao@unir.br",
    "ContatoTelefone": "(69) 2182-2000",
    "ContatoSite": "www.unir.br",
    "RedesSociais": "@unir_oficial (Instagram, Twitter, Facebook)",
    "Missao": "Promover a educação superior de qualidade, a pesquisa e a extensão, com compromisso ético, social e ambiental, contribuindo para o desenvolvimento sustentável de Rondônia e da Amazônia.",
    "Visao": "Ser reconhecida como uma universidade de excelência acadêmica e referência na produção de conhecimento científico e tecnológico voltado para as necessidades da região.",
    "Valores": "Ética, excelência, inclusão, compromisso social, sustentabilidade",
    "FormasIngresso": "Vestibular, Sisu, Enem, transferência, programas de mobilidade acadêmica",
    "ProcessoSeletivoData": "Via Sisu",
    "Endereco": "BR 364, Km 9,5 - Distrito Industrial",
    "Cidade": "Porto Velho",
    "Estado": "Rondônia",
    "Diferenciais": "Programas de pesquisa em biodiversidade amazônica, laboratórios de ciências ambientais, parcerias com comunidades indígenas e ribeirinhas",
    "CursosOferecidos": [
        "Administração",
        "Agronomia",
        "Ciências Biológicas",
        "Direito",
        "Engenharia Civil",
        "Engenharia de Produção",
        "Física",
        "Geografia",
        "História",
        "Letras",
        "Matemática",
        "Pedagogia",
        "Química"
    ],
    "ProcessoSeletivoDetalhes": "Processo seletivo aberto, com datas importantes via Sisu"
}