{
    "Nome": "Universidade Federal do Vale do São Francisco (UNIVASF)",
    "AreaAtuacao": "Educação superior, pesquisa científica, extensão comunitária",
    "Descricao": "A UNIVASF é uma instituição pública de ensino superior comprometida com o desenvolvimento regional e a inclusão social, através da formação de profissionais qualificados e da produção de conhecimento científico e tecnológico.",
    "ContatoEmail": "comunicacao@univasf.edu.br",
    "ContatoTelefone": "(87) 2101-6767",
    "ContatoSite": "www.univasf.edu.br",
    "RedesSociais": "@univasfoficial (Instagram, Twitter, Facebook)",
    "Missao": "Promover a educação de qualidade, a pesquisa e a extensão, contribuindo para o desenvolvimento sustentável do Vale do São Francisco e do Semiárido.",
    "Visao": "Ser reconhecida como uma universidade de excelência acadêmica e comprometida com a transformação social e econômica da região.",
    "Valores": "Ética, excelência, inclusão, compromisso social, sustentabilidade",
    "FormasIngresso": "Vestibular, Sisu, Enem, transferência, programas de mobilidade acadêmica",
    "ProcessoSeletivoData": "Aberto - Via Sisu",
    "Endereco": "Campus Juazeiro, BR 407, Km 12, s/n - Distrito Industrial, Juazeiro - BA, 48902-300",
    "Cidade": "Juazeiro",
    "Estado": "Bahia",
    "Diferenciais": "Programas de extensão universitária voltados para comunidades rurais, laboratórios de pesquisa multidisciplinares, parcerias com instituições governamentais e não governamentais",
    "CursosOferecidos": [
        "Administração",
        "Agronomia",
        "Ciências Biológicas",
        "Ciências da Computação",
        "Ciências Econômicas",
        "Direito",
        "Educação Física",
        "Engenharia Civil",
        "Engenharia Elétrica",
        "Engenharia Mecânica",
        "Engenharia de Produção",
        "Geografia",
        "História",
        "Letras",
        "Matemática",
        "Medicina",
        "Nutrição",
        "Pedagogia",
        "Psicologia",
        "Química",
        "Serviço Social"
    ],
    "ProcessoSeletivoDetalhes": "O processo seletivo está aberto e ocorre via Sisu, sendo possível ingressar através de Vestibular, Enem, transferência ou programas de mobilidade acadêmica."
}