{
    "Nome": "Universidade Tecnológica Federal do Paraná (UTFPR)",
    "AreaAtuacao": "Educação superior, pesquisa científica, extensão comunitária",
    "Descricao": "A UTFPR é uma instituição pública de ensino superior focada na formação de profissionais nas áreas de ciências e tecnologias, com ênfase na inovação, na sustentabilidade e no desenvolvimento regional.",
    "ContatoEmail": "comunicacao@utfpr.edu.br",
    "ContatoTelefone": "(41) 3310-4545",
    "ContatoSite": "www.utfpr.edu.br",
    "RedesSociais": "@utfpr.oficial (Instagram, Twitter, Facebook)",
    "Missao": "Promover a educação de qualidade, a pesquisa e a extensão, com ética e responsabilidade social, visando ao desenvolvimento humano, tecnológico e regional.",
    "Visao": "Ser reconhecida nacional e internacionalmente como uma universidade de excelência em ensino, pesquisa e extensão, contribuindo para o avanço científico, tecnológico e socioeconômico.",
    "Valores": "Ética, excelência, inclusão, compromisso social, sustentabilidade",
    "FormasIngresso": "Vestibular, Sisu, Enem, transferência, programas de mobilidade acadêmica",
    "ProcessoSeletivoData": "Aberto via Sisu",
    "Endereco": "Av. Sete de Setembro, 3165 - Rebouças",
    "Cidade": "Curitiba",
    "Estado": "Paraná",
    "Diferenciais": "Foco em tecnologias, parcerias com empresas, infraestrutura de pesquisa e inovação",
    "CursosOferecidos": [
        "Administração",
        "Agronomia",
        "Arquitetura e Urbanismo",
        "Biomedicina",
        "Ciência da Computação",
        "Ciências Biológicas",
        "Ciências Contábeis",
        "Design",
        "Direito",
        "Educação Física",
        "Engenharia Ambiental",
        "Engenharia Civil",
        "Engenharia de Bioprocessos e Biotecnologia",
        "Engenharia de Computação",
        "Engenharia de Controle e Automação",
        "Engenharia de Software",
        "Engenharia Elétrica",
        "Engenharia Mecânica",
        "Engenharia Química",
        "Farmácia",
        "Física",
        "Geografia",
        "História",
        "Letras",
        "Matemática",
        "Medicina Veterinária",
        "Nutrição",
        "Química",
        "Relações Internacionais",
        "Sistemas de Informação",
        "Zootecnia"
    ],
    "ProcessoSeletivoDetalhes": "O processo seletivo da UTFPR é aberto e realizado via Sisu, com diferentes formas de ingresso disponíveis."
}